patient_id,vital_status,days_to_death,days_to_last_follow_up,age_at_diagnosis_years__scaled,total_mutation_count__scaled,TP53_tpm__scaled,BRCA1_tpm__scaled,BRCA2_tpm__scaled,ERBB2_tpm__scaled,PIK3CA_tpm__scaled,PTEN_tpm__scaled,RB1_tpm__scaled,ESR1_tpm__scaled,PGR_tpm__scaled,EGFR_tpm__scaled,CD274_tpm__scaled,MYC_tpm__scaled,tumor_stage__missing,tumor_grade__missing,primary_diagnosis__basal_cell_carcinoma_nos,primary_diagnosis__carcinoma_nos,primary_diagnosis__infiltrating_duct_carcinoma_nos,primary_diagnosis__large_cell_neuroendocrine_carcinoma,primary_diagnosis__lobular_carcinoma_nos,primary_diagnosis__medullary_carcinoma_nos,primary_diagnosis__metaplastic_carcinoma_nos,primary_diagnosis__not_reported,TP53_mutated,BRCA1_mutated,BRCA2_mutated,ERBB2_mutated,PIK3CA_mutated,PTEN_mutated,RB1_mutated,ESR1_mutated,PGR_mutated,EGFR_mutated,CD274_mutated,MYC_mutated
TCGA-A1-A0SK,Dead,967,967.0,-0.20908647,-0.05985537,1.98430177,2.02214948,2.0907042,-2.76227117,-0.2558909,0.30990751,-2.13871037,-0.93845021,-0.55867338,-0.51203549,-1.52391699,1.06487362,1,1,0,0,0,1,0,0,0,0,1,1,0,0,0,0,0,0,0,0,0,0
TCGA-A1-A0SO,Alive,,852.0,0.92927056,1.63372742,1.40972051,2.14837089,2.07817984,1.71418639,1.35050867,0.0448008,-1.38987111,-0.88890649,-0.52147126,-0.15422459,-1.54372555,0.56248069,1,1,0,0,1,0,0,0,0,0,1,1,0,0,0,0,0,0,0,0,0,0
TCGA-A1-A0SP,Alive,,,-0.17775554,-0.39582509,-1.39468708,1.10956367,0.22346765,-0.09017188,-0.27823738,-1.45721761,-0.66075362,-0.08079916,-0.32183612,0.1826105,-0.46101723,0.74473831,1,1,0,0,0,0,0,0,0,1,1,0,0,0,0,0,0,0,0,0,0,0
TCGA-A2-A04Q,Alive,,2385.0,-0.77826498,-0.50968594,-0.96651614,-0.26406397,-1.06934224,-0.57276821,-1.41960096,-1.00743067,0.05509338,-0.32999056,0.09873205,-0.40549319,1.474031,-0.38329151,1,1,0,0,1,0,0,0,0,0,0,0,0,0,0,0,0,0,0,0,0,0
TCGA-A2-A04T,Alive,,2246.0,0.42449451,0.43270755,1.13283457,-1.98282349,1.54798139,0.4311237,0.26506788,-0.43968559,-1.24049338,-0.78555225,-0.51279478,-0.82624487,0.26498725,0.08364592,1,1,0,0,1,0,0,0,0,0,1,0,0,0,1,0,0,0,0,1,0,0
TCGA-A2-A0CM,Dead,754,754.0,-1.41967869,-0.29223656,1.13751932,0.69318574,0.52396955,-0.35097078,0.6409402,1.16922897,-0.03560315,0.04828669,-0.48886604,-0.71520803,1.96509984,1.4689402,1,1,0,0,1,0,0,0,0,0,1,0,0,0,0,0,0,0,0,0,0,0
TCGA-A2-A0D0,Alive,,2048.0,0.28350533,0.17366496,-1.60997809,0.56671409,0.19712904,-0.47966972,-0.35027974,0.22796843,0.15155834,-0.91953527,-0.65804127,-0.54733563,-0.52233496,0.40197094,1,1,0,0,1,0,0,0,0,0,1,0,0,0,0,0,0,0,0,0,0,0
TCGA-A2-A0D2,Alive,,1027.0,-1.02543119,0.25029699,-0.73314869,-1.16133735,-0.43630381,0.16885265,-0.16280138,-1.25332555,-0.01792864,-0.52302989,-0.04265977,-0.96223613,-0.64073985,0.21619051,1,1,0,0,1,0,0,0,0,0,1,0,0,0,0,0,0,0,0,0,0,0
TCGA-A2-A0ST,Alive,,3017.0,0.47584241,-1.57458607,0.58798343,-0.16351568,-0.13120447,-0.04500193,-0.4255986,0.66771897,-0.0583266,1.42300981,0.33192063,-0.46023834,1.56257712,0.36933118,1,1,0,0,1,0,0,0,0,0,0,0,0,0,0,0,0,0,0,0,0,0
TCGA-A2-A0SX,Alive,,1534.0,-0.75128557,-1.01206846,1.32595739,0.644618,1.01954575,0.34024128,1.13075281,1.1422056,0.18799624,0.5620746,-0.12288732,-0.09965381,0.74541821,0.28440333,1,1,0,0,1,0,0,0,0,0,1,0,0,0,0,0,0,0,0,0,0,0
TCGA-A2-A0T0,Alive,,533.0,0.15470041,1.05905038,0.77546218,0.5857268,-1.20912489,6.97e-05,-0.32554316,-0.91256248,0.87962084,-0.36124184,-0.45606047,-0.65199815,-0.60733202,1.51916454,1,1,0,0,1,0,0,0,0,0,0,0,1,0,0,0,0,0,0,0,0,0
TCGA-A2-A0T2,Dead,255,255.0,0.78828138,-1.01206846,0.03283141,-1.18076505,-1.48345252,-0.40541465,-1.0214534,-1.96730494,-0.64994622,-0.74923286,-0.55534144,-0.50806774,-1.21170059,-1.53193741,1,1,0,0,1,0,0,0,0,0,1,0,0,0,0,0,0,0,0,0,0,0
TCGA-A2-A0YE,Alive,,554.0,-0.76259952,-0.84024834,-1.8839269,0.98177817,0.73965383,0.99470589,0.173032,-2.19388883,-0.98358741,-0.89428903,-0.3995585,1.48626899,-0.93908083,-1.33599286,1,1,0,0,1,0,0,0,0,0,1,0,0,0,0,0,1,0,0,0,0,0
TCGA-A2-A0YM,Alive,,965.0,0.93014086,0.11958183,0.52421277,0.39026417,1.07871837,0.66253471,1.47333102,0.57536842,-0.33996986,-0.53093557,-0.48820057,0.02694388,0.34703317,1.39355468,1,1,0,0,1,0,0,0,0,0,1,0,0,0,0,0,0,0,0,0,0,0
TCGA-A2-A1G6,Alive,,501.0,-0.57461395,-2.56851531,0.51824683,-0.24147315,-1.47957107,0.9600026,0.5144539,1.76634363,1.78989102,3.32480539,4.38046329,0.85348556,0.06167095,0.29432062,1,1,0,0,1,0,0,0,0,0,0,0,0,0,0,0,0,0,0,0,0,0
TCGA-A7-A0CE,Alive,,1074.0,-0.01500878,0.42211711,0.81881994,1.43664733,-2.18010235,1.19134955,0.22706311,0.14129578,-0.85139871,1.351816,0.38948846,0.29188088,-0.4470749,0.256657,1,1,0,0,1,0,0,0,0,0,1,0,0,0,0,0,0,0,0,0,0,0
TCGA-A7-A0DA,Alive,,1085.0,0.42449451,0.88801864,0.59904195,-0.16240616,-0.52763877,0.58480075,0.19101189,0.78044841,1.16047523,-0.6647144,-0.26991785,0.31287647,-0.54113062,0.2625122,1,1,0,0,1,0,0,0,0,0,1,0,0,0,0,0,0,0,0,0,0,0
TCGA-A7-A26F,Alive,,738.0,-0.17079311,-0.7482749,-0.11817224,0.11503364,0.90918075,-0.70675591,-0.99194299,0.12429749,0.55536038,0.44539123,-0.25418228,1.2692818,0.94155172,-1.09514474,1,1,0,0,0,0,0,0,1,0,1,0,0,0,0,1,0,0,0,0,0,0
TCGA-A7-A26G,Alive,,722.0,-0.6111667,-0.31222062,0.53718344,0.10914755,0.09331008,-1.56188609,1.16150997,0.82687664,1.94987542,-0.2872538,0.58104762,0.02402368,0.04044972,-0.33016806,1,1,0,0,0,0,0,0,1,0,1,0,0,0,0,1,0,0,0,0,0,0
TCGA-A7-A26I,Alive,,,-0.17775554,-0.90592647,-0.77486679,0.29699297,1.20055463,-0.62713557,0.07426865,1.06429725,-0.41257724,-0.36377639,-0.2856356,-1.16226103,-0.78006083,-1.76459604,1,1,1,0,0,0,0,0,0,0,1,0,0,0,0,0,0,0,0,0,0,0
TCGA-A7-A4SE,Alive,,644.0,-0.20125374,0.29868539,1.84788885,-0.41065889,0.71303963,0.35638034,0.53172904,0.44254367,-0.3084998,-0.11322013,0.02152402,0.06188861,-0.21580818,1.05353681,1,1,0,0,1,0,0,0,0,0,1,0,0,0,0,0,0,0,0,0,0,0
TCGA-A7-A5ZV,Alive,,368.0,0.48628606,1.1127822,-2.02829283,0.07665779,-1.0320618,1.24360656,-0.64701846,-0.16348888,-0.11047518,-0.83403459,-0.59661102,0.58043661,-1.08687648,-0.2779535,1,1,0,1,0,0,0,0,0,0,1,0,0,0,0,0,0,0,0,0,0,0
TCGA-A7-A6VV,Alive,,313.0,-0.53196908,-0.44002495,-0.34866191,0.49073434,-0.01949251,0.78362171,-0.05956589,-0.61042082,-0.06280981,-0.5993481,-0.16215647,-0.05515088,-0.37813224,0.46534128,1,1,0,0,1,0,0,0,0,0,1,0,0,0,0,0,0,1,0,0,0,0
TCGA-A7-A6VW,Alive,,285.0,-0.806985,-0.09268773,0.60942416,-0.88810551,-0.63688112,-0.08457804,-1.53052275,-0.79215862,-0.72852224,0.32830197,-0.61590576,-0.54824489,-0.61330387,-0.43229212,1,1,0,0,1,0,0,0,0,0,1,1,0,0,0,0,0,0,0,0,0,0
TCGA-A7-A6VY,Alive,,266.0,-0.7826165,0.37875142,-1.35475288,-1.83927821,-0.47600501,-1.14296927,-1.75857405,-0.43197017,-1.348692,-0.58350817,-0.54440482,-0.27048011,0.4380885,-0.19159192,1,1,0,0,1,0,0,0,0,0,1,0,0,0,0,0,0,0,0,0,0,0
TCGA-A8-A07O,Alive,,304.0,-0.49019451,-0.55858926,-1.14282297,1.49884667,-0.16070438,-0.01009137,0.65444951,0.55438321,0.84762626,0.83148532,-0.17781776,-0.51112594,-0.76281936,2.14000169,1,1,0,0,1,0,0,0,0,0,1,0,0,0,0,0,0,0,0,0,0,0
TCGA-A8-A08R,Alive,,30.0,-0.38749869,1.41828404,-0.95137197,1.66897977,0.8314434,1.61412977,1.21187492,0.21735301,0.99526218,-0.58183438,-0.27826307,-0.22041416,0.93490226,0.83029833,1,1,0,0,1,0,0,0,0,0,1,0,0,0,1,0,0,0,0,0,0,0
TCGA-A8-A09X,Dead,426,426.0,0.46017695,-0.21560453,0.24397584,0.04919551,-0.14146016,0.80682063,-0.87244395,-0.46078033,0.73556296,-0.28973179,-0.38046681,-1.4173006,0.23962006,-0.22911495,1,1,0,0,0,0,1,0,0,0,1,0,0,0,0,0,0,0,0,0,0,0
TCGA-AC-A2BK,Alive,,2222.0,1.83438623,0.06282686,1.10906244,1.02696964,0.05019871,-0.6117633,1.62909297,0.70832826,-1.33917498,-0.89595729,-0.58848551,0.52847833,-0.73332029,0.37317824,1,1,0,0,1,0,0,0,0,0,1,0,0,0,0,0,0,0,0,0,0,0
TCGA-AC-A2QH,Alive,,1005.0,0.13381312,-0.97558747,0.61271025,0.13547859,0.35716515,-2.78692717,0.37743296,-0.12612992,-0.4933877,-0.2697042,-0.65001417,4.24352947,-1.016717,-0.22964873,1,1,0,0,0,0,0,0,1,0,1,0,0,0,0,0,0,0,0,0,0,0
TCGA-AC-A6IW,Alive,,413.0,1.42273266,0.7995862,1.34288479,0.06713069,-0.6632609,-0.58971074,-0.76777086,-0.43065138,1.2528355,-0.23366243,-0.46738842,-0.44652903,0.64975379,1.82910131,1,1,0,0,1,0,0,0,0,0,1,0,0,0,0,0,0,0,0,0,0,0
TCGA-AC-A7VC,Alive,,1.0,-0.10639065,-1.57458607,0.67486229,0.1158642,-0.88361469,-1.39498555,-1.2837628,-0.41947003,-0.76968095,-0.65230284,-0.11150269,1.27328756,-1.63756235,0.7358017,1,1,0,0,0,0,0,0,1,0,1,0,0,0,0,0,1,0,0,0,0,0
TCGA-AN-A04D,Alive,,52.0,0.11901796,0.38974724,0.36834939,0.90117439,-2.38388327,0.21877785,-0.61095596,-3.07739091,-2.73224094,-0.90002066,-0.61303832,-0.84827064,-1.42996925,-1.60772272,1,1,0,0,1,0,0,0,0,0,0,0,0,0,0,0,0,0,0,0,0,0
TCGA-AN-A0AL,Alive,,227.0,-1.34396228,0.2126197,0.40093911,-0.05923037,-0.07689696,-0.47034314,-0.28418317,0.39001486,0.85029513,-0.49066425,-0.12254274,-0.1978055,-0.75808984,-0.91989865,1,1,0,0,1,0,0,0,0,0,1,0,0,0,0,0,0,0,0,0,0,0
TCGA-AN-A0AR,Alive,,10.0,-0.18471797,0.58085939,-1.58107999,-0.53622074,0.77044482,-0.74561961,-1.18666559,-1.51376268,-0.01246074,-0.40983293,-0.65187844,-1.44243887,-1.80658534,0.51539582,1,1,0,0,1,0,0,0,0,0,1,0,0,0,0,0,0,0,0,0,0,0
TCGA-AN-A0AT,Alive,,10.0,0.44625209,0.60832813,-1.2572158,-1.63646647,1.95084253,-0.7539498,0.32914395,-2.20233416,0.47566301,-0.83239409,-0.64269637,-0.75838161,-0.42017186,1.02575641,1,1,0,0,1,0,0,0,0,0,0,0,1,0,0,0,0,0,0,0,0,0
TCGA-AN-A0G0,Alive,,16.0,-0.10029853,-0.87261821,-1.16487344,1.50153113,1.05044645,1.06438891,-0.2148032,0.92404346,0.81609709,-0.98565822,-0.54320719,0.6153175,-0.84342972,-0.23778368,1,1,0,0,1,0,0,0,0,0,1,0,0,0,0,0,0,0,0,0,0,0
TCGA-AN-A0XU,Alive,,10.0,-0.20821617,0.63515553,0.00293802,-1.82356562,1.53516991,0.90151625,0.18580776,0.3534964,-0.66018632,1.2455773,-0.61378104,0.43401556,0.37799125,0.08399887,1,1,0,0,1,0,0,0,0,0,1,1,0,0,0,0,0,0,0,0,0,0
TCGA-AQ-A04J,Alive,,819.0,-1.02717179,-0.10946255,0.7946022,-1.15969024,0.74123766,-0.18117947,-0.32125292,-0.4222494,0.02101977,0.07221392,0.04513476,-0.19028332,-0.53157536,0.12788986,1,1,0,0,1,0,0,0,0,0,1,0,0,0,0,0,0,0,0,0,0,0
TCGA-AQ-A54N,Alive,,,-0.17775554,-0.16130839,-0.82936383,-0.82217961,-1.20351233,-0.65964044,-1.13620597,2.32008295,-1.55007866,-0.98993771,-0.67841665,-0.91610845,-1.71195785,0.1759796,1,1,0,0,0,0,0,0,0,1,1,0,0,0,0,0,0,0,0,0,0,0
TCGA-AR-A0TS,Alive,,2558.0,-0.90184808,0.16038095,-0.48155945,-0.59903615,1.46794035,1.61600198,1.73811761,0.68250104,0.46397051,-0.31688435,-0.15313114,0.16021069,0.00665156,-0.71365842,1,1,0,0,1,0,0,0,0,0,1,0,0,0,0,0,0,0,0,0,0,0
TCGA-AR-A0TU,Alive,,709.0,-1.87919895,0.13334312,1.44864691,-1.69438768,0.58897674,-0.89035171,-0.88740342,1.06628052,-1.70516918,0.62013778,-0.6304601,-0.69898552,0.5832468,1.25382705,1,1,0,0,1,0,0,0,0,0,0,0,0,0,0,0,0,0,0,0,0,0
TCGA-AR-A1AI,Alive,,,-0.74084193,0.00312228,0.77157403,1.0366994,0.55193871,0.37033336,0.41158237,-1.9678524,-0.52001996,0.97191885,-0.62144868,-0.5436055,0.68913824,0.35974147,1,1,0,0,0,0,0,0,0,1,1,0,1,0,0,0,0,0,0,0,0,0
TCGA-AR-A1AQ,Alive,,3021.0,-0.67121765,-0.7482749,-0.7893742,0.18176134,-0.14607045,-0.07063201,-1.10215813,0.12256075,-0.72865696,-0.23100001,-0.6183541,-1.36302141,0.58103747,-0.16325167,1,1,0,0,1,0,0,0,0,0,1,0,0,0,0,0,1,0,0,0,0,0
TCGA-AR-A1AR,Dead,524,524.0,-0.58244669,-0.37434681,-0.58827633,1.47676922,1.42452951,-0.8199512,1.5007834,0.77896783,1.27166373,1.40837049,-0.40670181,0.46364623,0.57971956,0.79430083,1,1,0,0,1,0,0,0,0,0,1,0,0,0,0,0,0,0,0,0,0,0
TCGA-AR-A1AY,Alive,,1026.0,0.71517589,-0.29223656,-1.18227047,1.43958119,0.40905865,0.43995904,1.05059401,-1.53293607,-1.03169838,0.34494155,0.14169887,0.08385881,-0.42425082,0.65450087,1,1,0,0,1,0,0,0,0,0,0,0,0,0,0,0,0,0,0,0,0,0
TCGA-AR-A256,Dead,2854,,-0.63031338,1.1127822,-0.97128294,0.98081567,1.2116088,-0.50890993,0.83745568,1.35587154,1.79607158,-0.66101814,-0.51075713,0.07134222,-0.24357291,1.9375375,1,1,0,0,1,0,0,0,0,0,1,0,0,0,0,0,0,0,0,0,0,0
TCGA-AR-A2LH,Dead,616,,-0.04895062,-0.27259413,0.22107896,0.04655921,-0.46589968,1.04353713,-0.83010664,0.54793971,0.40527616,1.72750974,1.06968313,-0.75431961,0.1810448,0.18349542,1,1,0,0,0,0,0,0,0,1,1,0,0,0,0,0,0,0,0,0,0,0
TCGA-AR-A2LR,Alive,,,-0.17775554,-0.19721927,-1.16750071,1.17574564,1.07008636,0.67191023,0.17738534,-0.43965159,0.07490139,-0.39604908,-0.02481576,0.1255227,-1.03676428,0.9502914,1,1,0,0,1,0,0,0,0,0,1,0,0,0,0,0,0,0,0,1,0,0
TCGA-AR-A5QQ,Dead,322,,1.00498696,-0.07615429,-1.62885492,1.00111365,-0.60448418,-1.0046814,-1.87079029,-0.36987827,0.39944926,-0.07072809,0.20990538,0.16645349,2.65549915,-0.04208358,1,1,0,0,0,0,0,0,1,0,1,0,0,0,1,1,0,0,0,0,0,0
TCGA-B6-A409,Dead,573,,-1.02282027,-0.6908102,-1.4951988,-0.82960211,-1.20303992,-0.02758589,-1.73157939,-0.68976204,-0.57233264,-0.1946617,0.05931608,-0.75802737,-1.36100058,0.09281098,1,1,0,0,1,0,0,0,0,0,1,0,0,0,0,0,0,0,0,0,0,0
TCGA-BH-A0AV,Alive,,1820.0,-0.38401748,-0.02793514,1.30107997,-1.43702015,0.50545198,0.24161399,0.44787474,1.04408894,-0.22696377,-0.67569731,-0.26537739,0.59384321,-0.57926451,-0.0171485,1,1,0,0,1,0,0,0,0,0,1,0,0,0,0,0,0,0,0,0,0,0
TCGA-BH-A0B3,Alive,,1203.0,-0.34485382,-0.6631208,0.80275974,0.44799007,-0.35354157,0.12970167,-0.29391482,-1.1719358,-1.29248568,-0.17266948,0.98586075,0.04970995,0.72405555,-0.51867439,1,1,0,0,1,0,0,0,0,0,1,0,0,0,0,0,0,0,0,0,0,0
TCGA-BH-A0B9,Alive,,1572.0,-1.10027729,-0.6908102,1.31203583,0.30351901,-0.17987996,-0.97606198,-0.20184271,0.78165733,-1.26246488,-0.7270407,-0.60901488,-0.56067713,-0.00715105,1.24162173,1,1,0,0,1,0,0,0,0,0,1,0,0,0,0,0,0,0,0,0,0,0
TCGA-BH-A0BL,Alive,,2278.0,-1.92619535,-0.29223656,0.86110238,0.61506039,0.70778586,0.31599179,1.21866512,0.30360012,0.67738196,0.19153123,0.44419811,0.20991472,0.90580329,-0.3109667,1,1,0,0,1,0,0,0,0,0,1,0,0,0,0,0,0,0,0,0,0,0
TCGA-BH-A0BW,Alive,,2371.0,1.20254587,0.2126197,0.54024974,0.51618835,-0.09869994,0.2738766,0.62710013,1.07080646,1.2600476,1.98649445,0.81085863,0.30744969,0.85294045,0.96658672,1,1,0,0,1,0,0,0,0,0,1,0,0,0,0,0,1,0,0,0,0,0
TCGA-BH-A0E0,Alive,,134.0,-1.60853455,-0.71918336,0.48356475,-0.19320973,-1.50210626,-0.12270439,-1.17220629,0.25693722,-1.6333093,0.41502682,-0.44456983,0.37611994,-0.9048268,-0.8254445,1,1,0,0,1,0,0,0,0,0,1,0,0,0,0,0,0,0,0,0,0,0
TCGA-BH-A0RX,Alive,,170.0,0.22171378,-0.6908102,-0.68163304,-0.19581789,-1.10888071,-0.49211887,-1.23326188,0.08997787,0.24545798,1.0852618,0.66845662,-1.39169227,0.21065941,0.00292723,1,1,0,0,1,0,0,0,0,0,1,0,0,0,0,0,0,0,0,0,0,0
TCGA-BH-A0WA,Alive,,701.0,2.16771249,0.40063883,1.10957972,-0.51725914,1.05278474,0.55549762,1.26883331,-0.48789936,-0.06051405,-0.56740914,-0.28539703,1.04550103,0.41359162,0.07844652,1,1,0,0,0,0,0,0,1,0,1,1,0,0,0,0,0,0,0,0,0,0
TCGA-BH-A18G,Alive,,149.0,2.11897549,3.46738512,0.59527425,-1.26988564,-1.49703354,-1.32044088,-1.05808114,0.27644701,0.14869198,-0.75913711,-0.57425032,-1.28953165,-1.58361315,0.34003867,1,1,0,0,1,0,0,0,0,0,0,0,0,0,0,0,0,0,0,0,0,0
TCGA-BH-A18V,Dead,1556,1556.0,-0.77304316,1.3154545,0.36088405,-1.19296016,-1.92253842,0.65248941,-1.44522468,0.42346434,-0.17473497,1.78501004,2.2728787,-0.1065328,-1.12496999,0.74406374,1,1,0,0,1,0,0,0,0,0,1,0,0,0,0,0,0,0,0,0,0,0
TCGA-BH-A1EW,Dead,1694,1694.0,-1.62855154,-1.92548624,0.40481057,1.4543937,0.94539749,1.57645882,2.40863652,1.25276126,0.80962166,3.61821943,4.30748155,-0.99475527,0.43349727,0.06242822,1,1,0,0,1,0,0,0,0,0,0,0,0,0,0,0,0,0,0,0,0,0
TCGA-BH-A1F6,Dead,2965,2965.0,-0.53283938,-0.63608297,-0.19258967,-0.42926731,-0.98971882,-0.81416065,1.39486272,1.60182002,1.71136454,2.50665396,2.80591086,0.92781833,-0.04453649,0.01487283,1,1,0,0,1,0,0,0,0,0,1,0,0,0,0,0,0,0,0,0,0,0
TCGA-BH-A1FC,Dead,3472,3472.0,1.85353291,0.35643898,-1.45156081,0.70064262,0.07612793,-1.16988849,-0.42890044,-0.23085514,-1.29213684,-0.573451,-0.55141624,-0.5825603,0.03203189,1.8204706,1,1,0,0,0,0,0,1,0,0,1,0,0,0,0,0,0,0,0,0,0,0
TCGA-BH-A42U,Alive,,3364.0,2.00235482,-1.77205139,0.35193753,-1.20306374,-1.72036875,1.05158494,-1.69813277,0.11924135,-0.26119474,2.23794876,1.53729167,-0.4833644,-0.53421689,1.07423629,1,1,0,0,0,0,1,0,0,0,0,0,0,0,0,0,0,0,0,0,0,0
TCGA-C8-A12V,Alive,,385.0,-0.13859188,-0.63608297,0.48241303,-0.79552192,-0.08086189,-1.08745432,-0.50995199,-0.36054669,1.18074666,0.00187677,-0.34012758,0.11702043,2.21174854,0.15044622,1,1,0,0,1,0,0,0,0,0,0,0,0,0,0,1,0,0,0,0,0,0
TCGA-C8-A131,Alive,,411.0,2.15378763,-0.16130839,0.6140153,0.09051229,0.17140931,-0.16915077,-1.48081565,-0.00502392,1.11001808,-0.54466243,-0.38801285,-0.13869682,-0.77843375,-1.26572489,1,1,0,0,1,0,0,0,0,0,1,0,0,0,1,0,0,0,0,0,0,0
TCGA-C8-A1HJ,Alive,,5.0,-0.30917138,0.49427877,-1.64781651,0.30025983,1.32249432,-3.06613754,-0.21745169,0.21978614,0.21615115,-0.73678922,-0.48611161,-1.1514551,-0.60285156,0.31944973,1,1,0,0,1,0,0,0,0,0,1,0,0,0,0,0,0,0,0,0,0,0
TCGA-C8-A26X,Alive,,376.0,0.127721,-0.07615429,-0.60574694,-1.00439105,-1.50752469,0.93458346,2.20651711,-0.15958305,-0.40612968,-0.52569432,-0.43419065,-0.46220936,-0.05681256,-1.54514263,1,1,0,0,1,0,0,0,0,0,1,0,0,0,1,0,0,0,0,0,0,0
TCGA-C8-A26Y,Alive,,0.0,2.84654925,2.65503017,0.44431485,1.06201407,-0.35560202,0.30777726,-0.37856287,-0.83586972,-1.22668542,-0.80050953,-0.50988497,1.17971302,0.31405268,-3.12658127,1,1,0,0,1,0,0,0,0,0,0,0,0,0,0,1,0,0,0,0,0,0
TCGA-C8-A27B,Alive,,439.0,-0.75389648,0.8372635,1.45408514,1.24774844,1.07113338,-1.46515913,0.53032822,0.63070877,-0.27717243,0.21169498,-0.57261134,0.36258555,2.12866237,0.57012797,1,1,0,0,1,0,0,0,0,0,1,0,0,0,0,0,0,0,0,0,0,0
TCGA-D8-A13Z,Alive,,635.0,-0.47278844,0.2126197,1.15534699,0.96771966,0.64896076,0.43994982,0.2522266,-0.0122745,-0.02486988,-0.50170608,-0.03529706,0.23240254,0.50188079,-1.90139063,1,1,0,0,1,0,0,0,0,0,1,0,0,0,0,1,0,0,0,0,0,0
TCGA-D8-A142,Alive,,425.0,1.52194726,0.66137084,0.61419456,0.43273757,-0.48013329,0.69177876,-0.4800031,-0.24776893,0.78627328,-0.47265413,0.10297822,-0.47883317,-0.62949931,-1.3844928,1,1,0,0,1,0,0,0,0,0,1,0,0,0,0,0,0,0,0,0,0,0
TCGA-D8-A143,Alive,,431.0,-0.4623448,-0.39582509,-1.0684608,1.70507554,-0.39253225,0.2133608,-0.08329361,0.84433017,-1.28064985,-0.88465312,-0.519125,4.51506608,-0.49290509,-1.38189384,1,1,0,0,1,0,0,0,0,0,1,0,0,0,1,0,1,0,0,0,0,0
TCGA-D8-A147,Alive,,584.0,-0.99845178,0.90211764,1.35386921,1.97132043,0.37328604,0.82056953,1.09148774,1.87223437,-0.02630812,-0.67202262,-0.36731645,0.52086714,0.35600634,0.47819659,1,1,0,0,1,0,0,0,0,0,1,0,0,0,0,0,0,0,0,0,0,1
TCGA-D8-A1JF,Alive,,366.0,1.97102389,-0.46277924,0.19449144,0.2212805,0.40735361,0.84150237,0.18925721,-0.09853743,2.07458531,0.46802482,-0.34455831,0.26126188,-0.99575583,-1.72783879,1,1,0,0,1,0,0,0,0,0,1,0,0,0,1,0,0,0,0,1,0,0
TCGA-D8-A1JG,Alive,,1612.0,0.46539877,0.69541939,-1.14327667,0.2316754,0.44831583,2.40174164,-0.48545694,0.23186718,0.37096969,-0.36520786,1.68617751,0.63633291,0.61591549,-2.5010722,1,1,0,0,1,0,0,0,0,0,1,0,0,0,1,0,0,0,0,0,0,0
TCGA-D8-A1JL,Alive,,611.0,1.32438836,0.51409055,0.96686651,-1.09762613,1.36274902,-0.03262547,1.6616258,0.12432701,1.01258587,0.29136606,-0.12123428,0.43439149,1.76407278,-0.01602465,1,1,0,0,1,0,0,0,0,0,1,0,0,0,0,0,0,0,0,0,0,0
TCGA-D8-A1XK,Alive,,441.0,-0.19864283,3.13607097,1.21518318,0.34102604,1.5013172,-0.09238117,0.98205568,-0.07771879,-0.01915582,-0.82349402,-0.63748257,0.31892666,1.46773113,0.24482282,1,1,0,0,1,0,0,0,0,0,1,0,0,0,0,1,0,0,0,0,0,0
TCGA-D8-A1XQ,Alive,,499.0,1.05285366,2.94566524,-0.54058781,-0.22367642,-0.14247595,0.09795697,1.65961782,-0.47898114,1.57920655,-0.66571919,-0.42498364,-0.1709198,1.26401401,-0.08129873,1,1,0,0,1,0,0,0,0,0,1,0,0,0,0,0,1,0,0,0,0,0
TCGA-D8-A27F,Alive,,488.0,-1.47624842,-0.14376523,-0.94005218,-1.66105397,1.07348658,0.52465389,0.84051934,0.1985765,-0.60833948,-0.54699691,-0.26116629,0.58776377,-0.77164682,-0.11304744,1,1,0,0,1,0,0,0,0,0,1,0,0,0,0,0,0,0,0,1,0,0
TCGA-D8-A27H,Alive,,397.0,1.34875686,0.71207265,-1.20416777,-1.7617636,-0.01821101,0.61988198,1.72726668,1.15129632,1.22406753,-0.62317847,-0.19597404,0.14280959,-1.15074893,-1.92290284,1,1,0,0,1,0,0,0,0,0,0,0,0,0,0,0,0,0,0,0,0,0
TCGA-D8-A27M,Alive,,410.0,0.23476833,-0.16130839,-0.86824112,-0.61833753,0.45671408,-0.25409156,0.86742806,0.58642337,1.69530362,0.28392272,-0.08893597,0.76065159,1.86864634,-0.04812854,1,1,0,0,1,0,0,0,0,0,1,1,0,0,0,0,0,0,0,0,0,0
TCGA-E2-A14N,Alive,,1434.0,-1.71123037,0.2126197,-1.34549846,-0.83706453,0.96751909,-1.69629231,0.08675869,-2.01892372,-1.1040969,-0.81870676,-0.20253461,-0.72047097,-0.02205015,1.38267725,1,1,0,0,1,0,0,0,0,0,1,0,0,0,0,0,0,0,0,0,0,0
TCGA-E2-A14R,Alive,,1174.0,0.41927268,0.50422736,0.6252991,-2.18305531,0.09136191,-0.1188164,-0.631329,-0.78846998,-1.56789367,-0.90018035,-0.6602504,-0.72199979,0.57733151,-0.6864581,1,1,0,0,1,0,0,0,0,0,1,0,0,0,0,0,0,0,0,0,0,0
TCGA-E2-A14X,Alive,,972.0,-0.19603192,-0.90592647,-1.29212232,0.11648197,-0.19329944,-0.05909661,-0.48448305,-0.3916343,-0.87480497,0.13020264,-0.37425945,-1.04143474,-0.56398413,0.18215319,1,1,0,0,1,0,0,0,0,0,1,0,0,0,0,0,0,0,0,0,0,0
TCGA-E2-A150,Alive,,1935.0,-0.79741166,0.09155472,-1.37401268,0.34445302,-0.10874055,0.22476754,1.64701628,0.85002574,1.43174787,-0.26065152,-0.38366993,3.81913573,0.69263755,-0.09226643,1,1,0,0,1,0,0,0,0,0,1,0,0,0,0,0,0,0,0,0,0,0
TCGA-E2-A158,Alive,,,-0.17775554,0.19978097,0.48857339,-1.17855476,-0.45158948,0.53158407,0.57266503,-0.1572726,-1.63507305,-1.0346194,-0.64673172,-0.18598382,-0.05019816,1.16572581,1,1,0,0,0,0,0,0,0,1,1,0,0,0,0,0,0,0,0,0,0,0
TCGA-E2-A159,Alive,,762.0,-0.54937515,0.85929078,0.24721524,0.88777701,-0.14335684,0.14217022,0.01907656,-0.77794295,-0.29079525,0.27915203,-0.39780161,0.17699176,0.84574989,-1.77489817,1,1,0,0,1,0,0,0,0,0,1,0,0,0,0,0,1,0,0,0,0,0
TCGA-E2-A1AZ,Alive,,2329.0,0.54894791,-0.31222062,1.03814368,1.61773712,1.30020206,0.70547117,0.64081934,1.74027706,1.34621623,0.11459684,0.40847987,-0.06427649,1.23367428,0.7652583,1,1,0,0,1,0,0,0,0,0,0,0,0,0,0,0,0,0,0,0,0,0
TCGA-E2-A1B6,Alive,,867.0,-1.08548213,-0.7482749,0.06392869,-0.29713308,-0.07219779,-0.60933133,-0.75367049,-0.57474113,0.02336898,-0.41882208,0.45854916,-0.94822068,0.32146195,-0.8893032,1,1,0,0,1,0,0,0,0,0,1,0,0,0,0,0,0,0,0,0,0,0
TCGA-E2-A1L7,Alive,,1836.0,-1.4466581,-0.10946255,0.52036057,-0.02964569,-0.93348535,1.20545189,0.50139442,1.19932103,1.31924165,2.60041295,4.28028543,0.51080865,0.20783228,1.26344965,1,1,0,0,1,0,0,0,0,0,1,0,0,0,0,0,0,0,0,0,0,0
TCGA-E2-A1LG,Alive,,1523.0,-0.57983577,0.90211764,0.60879408,0.59216675,1.50095638,1.33233053,-0.03665148,0.31132601,-2.02723518,-1.02160481,-0.6749393,1.89213625,-0.1582979,0.34838565,1,1,0,0,0,0,1,0,0,0,1,0,0,0,0,0,0,0,0,0,0,0
TCGA-E2-A1LH,Alive,,3247.0,0.16688466,1.08921103,0.5533209,-0.30098692,-1.47103407,1.83365605,0.57385966,1.03983375,1.17395705,3.49299805,2.56158929,0.51175987,0.10184607,0.51494356,1,1,0,0,1,0,0,0,0,0,1,0,0,0,0,0,0,0,0,0,0,0
TCGA-E2-A1LK,Dead,266,,2.37919625,-0.50968594,-1.5964381,0.13595447,-1.0218311,1.03167049,-0.62696698,-3.05955139,-0.47938629,-0.26231393,-0.66534775,-0.19629788,-1.35338986,0.46251438,1,1,0,0,1,0,0,0,0,0,1,0,0,0,0,0,0,0,0,0,0,0
TCGA-E2-A1LL,Alive,,,1.76476195,-0.6631208,-1.09928332,0.6654092,-0.11000025,-0.2371586,0.07944051,1.4813524,1.18056971,0.78405219,0.54557537,1.2320784,0.10737488,0.81005555,1,1,0,0,1,0,0,0,0,0,0,0,0,0,0,0,0,0,0,0,0,0
TCGA-E2-A1LS,Alive,,1604.0,-0.96276933,-0.02793514,-1.48678752,-1.10370446,-2.14722368,-3.17172372,1.33078662,0.78584841,0.46884481,0.85970335,0.62126522,0.5428202,-1.46539061,-0.12295902,1,1,0,0,1,0,0,0,0,0,1,0,0,0,0,0,0,0,0,0,0,0
TCGA-E2-A573,Alive,,1062.0,-0.77130255,-0.37434681,0.8938345,0.73177397,0.11992886,-0.34018341,-0.60992212,-0.22695356,-0.93726359,-0.7635714,-0.48782047,-0.97645483,0.52366715,-1.00233394,1,1,0,0,1,0,0,0,0,0,1,0,0,0,0,0,0,0,0,0,0,0
TCGA-E9-A243,Alive,,,-0.37792535,0.03336231,-0.38416086,-0.87495127,0.19596059,-1.40260663,0.07453998,0.70147978,0.62340098,0.01815493,-0.38714294,-1.10524606,1.14264552,-0.84789917,1,1,0,0,1,0,0,0,0,0,1,0,0,0,0,0,0,0,0,0,0,0
TCGA-E9-A5FL,Alive,,24.0,0.74476621,0.29868539,0.21218333,-1.25959767,-0.94948243,-0.92141176,-0.9675153,-0.37759981,-0.20089304,0.57481144,-0.67381984,-0.79851192,-1.29168158,-0.95870353,1,1,0,0,0,0,0,0,1,0,1,0,0,0,0,0,0,0,0,0,0,0
TCGA-EW-A1OV,Alive,,789.0,-0.03850698,0.41142815,-0.04246768,0.02827213,-0.67638272,0.44073872,-0.75219526,-0.23561561,0.23380598,-0.62293787,-0.60584851,-1.69532424,0.67446455,-2.14789228,1,1,0,0,1,0,0,0,0,0,0,0,0,0,1,1,0,0,0,0,0,0
TCGA-EW-A1P1,Alive,,,1.19384283,-3.69554163,0.324397,-0.20527731,-0.72368024,0.59010264,0.44700391,0.80306001,1.20299838,1.3389228,2.00233992,0.24191744,0.32066393,0.79245572,1,1,0,0,1,0,0,0,0,0,1,0,0,0,0,0,0,0,0,0,0,0
TCGA-EW-A1P4,Alive,,907.0,-1.1759937,-0.07615429,1.32701645,-0.92771878,1.3338125,-0.06364865,0.32061473,0.31137833,-0.64363295,-0.574309,-0.54810547,0.86757032,0.89416804,0.51388876,1,1,0,0,0,0,0,1,0,0,1,0,0,0,0,0,0,0,0,0,0,0
TCGA-EW-A1P7,Alive,,915.0,0.19647498,-1.84620967,0.15248093,-0.40062068,-1.05880006,1.43306841,0.23315171,0.35459573,0.25951808,0.92983463,1.33831586,-0.21033255,0.87022601,-0.48066181,1,1,0,0,1,0,0,0,0,0,0,0,0,0,0,0,0,0,0,0,0,0
TCGA-EW-A1P8,Dead,239,239.0,0.13729434,-0.80876542,1.47296111,0.84607229,0.36952663,0.17233887,0.02554343,-1.66772738,0.31790263,0.46668345,0.00155954,-0.21816206,-0.64193869,0.87207304,1,1,0,0,1,0,0,0,0,0,1,0,0,0,0,0,0,0,0,0,0,0
TCGA-EW-A1PB,Alive,,608.0,1.15380887,0.82982623,0.61790938,-1.51709748,-0.12841624,0.01286647,-0.46366764,-1.58715343,0.83230861,-0.40361336,-0.67124925,0.32062327,3.57538346,0.46212116,1,1,0,0,1,0,0,0,0,0,1,0,0,0,0,0,0,0,0,0,0,0
TCGA-EW-A1PH,Alive,,607.0,-0.44145751,-0.53387746,-0.71728442,0.62015814,0.2779257,0.92505526,0.69814635,0.27789115,0.75672277,-0.86689564,-0.37434544,0.32612623,0.13929996,0.17624363,1,1,0,0,1,0,0,0,0,0,1,0,0,0,0,0,0,0,0,0,0,0
TCGA-EW-A6SB,Alive,,760.0,0.45669574,-0.25328183,0.23283872,-1.0052571,-0.83573484,-1.24822957,-3.02171565,-0.45425434,-0.44615521,-0.74643114,-0.5969247,-1.83578908,-0.55046445,-0.46977366,1,1,0,0,1,0,0,0,0,0,1,0,0,0,0,0,0,0,0,0,0,0
TCGA-GM-A2DB,Alive,,2406.0,0.46626908,0.67852122,-1.82698678,-0.95351767,-1.46510222,-0.67559535,-1.2352014,-0.78094943,-0.67543355,-0.65174522,-0.57445536,-0.32096756,-1.09123626,-1.78581508,1,1,0,0,1,0,0,0,0,0,1,0,0,0,0,1,0,0,0,0,0,0
TCGA-GM-A2DD,Alive,,,-0.17775554,-0.31222062,0.12285628,-1.03737695,-1.25401047,0.51129091,-1.38497875,-0.0937788,0.00038875,-0.54344182,-0.44630894,0.51871393,0.0626371,-0.89338244,1,1,0,0,1,0,0,0,0,0,1,0,0,0,1,0,0,0,0,0,0,0
