patient_id,vital_status,days_to_death,days_to_last_follow_up,age_at_diagnosis_years__scaled,total_mutation_count__scaled,TP53_tpm__scaled,BRCA1_tpm__scaled,BRCA2_tpm__scaled,ERBB2_tpm__scaled,PIK3CA_tpm__scaled,PTEN_tpm__scaled,RB1_tpm__scaled,ESR1_tpm__scaled,PGR_tpm__scaled,EGFR_tpm__scaled,CD274_tpm__scaled,MYC_tpm__scaled,tumor_stage__missing,tumor_grade__missing,primary_diagnosis__adenocarcinoma_nos,primary_diagnosis__adenoid_cystic_carcinoma,primary_diagnosis__apocrine_adenocarcinoma,primary_diagnosis__basal_cell_carcinoma_nos,primary_diagnosis__carcinoma_nos,primary_diagnosis__infiltrating_duct_and_lobular_carcinoma,primary_diagnosis__infiltrating_duct_carcinoma_nos,primary_diagnosis__infiltrating_duct_mixed_with_other_types_of_carcinoma,primary_diagnosis__infiltrating_lobular_mixed_with_other_types_of_carcinoma,primary_diagnosis__invasive_micropapillary_carcinoma,primary_diagnosis__large_cell_neuroendocrine_carcinoma,primary_diagnosis__lobular_carcinoma_in_situ_nos,primary_diagnosis__lobular_carcinoma_nos,primary_diagnosis__metaplastic_carcinoma_nos,primary_diagnosis__mucinous_adenocarcinoma,primary_diagnosis__not_reported,primary_diagnosis__paget_disease_and_infiltrating_duct_carcinoma_of_breast,TP53_mutated,BRCA1_mutated,BRCA2_mutated,ERBB2_mutated,PIK3CA_mutated,PTEN_mutated,RB1_mutated,ESR1_mutated,PGR_mutated,EGFR_mutated,CD274_mutated,MYC_mutated
TCGA-3C-AAAU,Alive,,,-0.06123206,-0.74575214,0.15980335,1.36006666,0.25346021,0.00447263,0.04503488,0.17212733,-0.93020568,-0.026631,0.60959403,-0.88577007,-0.66909465,0.44540887,1,1,0,0,0,0,0,0,0,0,0,0,0,0,1,0,0,0,0,0,0,0,0,0,0,0,0,0,0,0,0
TCGA-3C-AALI,Alive,,4005.0,-0.81911752,2.50326371,-1.6039098,0.07421793,0.11092431,2.92233771,-0.83287445,-1.09313092,-0.50854085,-1.79022928,-1.17162011,-0.69296615,0.70576542,-2.42070634,1,1,0,0,0,0,0,0,1,0,0,0,0,0,0,0,0,0,0,1,0,0,0,0,0,0,0,0,0,0,0
TCGA-3C-AALJ,Alive,,1474.0,0.1192926,-0.53072549,-0.20763802,-0.89292481,0.11661768,0.15196285,-1.54611778,-0.58759505,-0.56191254,0.24812449,-0.29830763,-0.86373522,-0.79305172,-0.44282306,1,1,0,0,0,0,0,0,1,0,0,0,0,0,0,0,0,0,0,0,0,0,0,0,0,0,0,0,0,0,0
TCGA-3C-AALK,Alive,,1448.0,-0.70221389,-0.02304669,-0.07631335,-1.23617206,-0.59878499,1.28015087,-1.09355013,-0.1071712,-0.1657446,-0.31800457,0.49675139,0.25019784,-0.43930326,-0.28933511,1,1,0,0,0,0,0,0,1,0,0,0,0,0,0,0,0,0,0,0,0,0,0,1,0,0,0,0,0,0,0
TCGA-4H-AAAK,Alive,,348.0,-0.85490435,-0.96519751,0.27809728,0.21412297,0.01130934,0.50081085,-0.2755888,0.19733741,0.13798136,0.22301353,0.98404241,-0.03118431,-0.2691232,1.17303863,1,1,0,0,0,0,0,0,0,0,0,0,0,0,1,0,0,0,0,0,0,0,1,0,0,0,0,0,0,0,0
TCGA-5L-AAT0,Alive,,,-1.49509092,1.25076063,0.09686519,-0.8277132,-0.6187438,0.11791475,-0.69869762,-0.22397747,-0.10461011,0.24016381,-0.03936554,-0.09112281,-0.28673594,-0.05583252,1,1,1,0,0,0,0,0,0,0,0,0,0,0,0,0,0,0,0,0,0,0,0,1,0,0,0,0,0,0,0
TCGA-5L-AAT1,Alive,,1471.0,0.20199994,3.39825193,0.44962081,-1.29936313,-1.36534578,0.42713809,-0.5598531,-0.50360569,-0.27757998,0.01244456,-1.12087157,-0.46298012,1.36655057,-0.40392212,1,1,0,0,0,0,0,0,0,0,0,0,0,0,1,0,0,0,0,0,0,0,0,1,0,0,1,1,0,0,0
TCGA-5T-A9QA,Alive,,303.0,-0.71175704,-0.1517861,0.92829035,0.54091345,0.14590301,0.41475047,-1.21851256,0.56609644,-0.29020009,-0.03479546,-0.82252422,-1.3682726,-1.25676319,0.09597317,1,1,0,0,0,0,0,0,0,1,0,0,0,0,0,0,0,0,0,0,0,0,0,0,0,0,0,0,0,0,0
TCGA-A1-A0SB,Alive,,259.0,0.76981759,-1.30643336,1.89158315,0.2036537,1.5224282,-0.02049326,0.15457919,0.94602911,0.82372235,-0.73390888,-1.26471907,2.43636634,-1.73740966,1.90088268,1,1,0,1,0,0,0,0,0,0,0,0,0,0,0,0,0,0,0,0,0,0,0,0,0,0,0,0,0,0,0
TCGA-A1-A0SD,Alive,,437.0,-0.10974309,-0.53072549,0.05618888,-0.23354887,-0.56625583,0.53113924,0.65499304,0.43991939,0.54894076,0.51938359,-0.00048395,0.52935799,0.3330154,0.51402439,1,1,0,0,0,0,0,0,1,0,0,0,0,0,0,0,0,0,0,0,0,0,0,0,1,0,0,0,0,0,0
TCGA-A1-A0SE,Alive,,1321.0,-0.34434562,-0.59771854,0.20828163,0.49792518,-0.15300174,0.23592281,0.24859791,0.42681824,0.45037601,0.10328901,1.2398327,0.80537099,-0.53501114,0.43480824,1,1,0,0,0,0,0,1,0,0,0,0,0,0,0,0,0,0,0,0,0,0,0,0,0,0,0,0,0,0,0
TCGA-A1-A0SF,Alive,,1463.0,-0.55906658,-0.00301732,0.24244458,-0.49968736,-0.59276259,-0.08606289,-0.31650811,0.42059276,0.05351382,0.31071581,1.13179388,0.21638497,-0.32883223,0.0262775,1,1,0,0,0,0,0,0,1,0,0,0,0,0,0,0,0,0,0,0,0,0,0,0,0,0,0,0,0,0,0
TCGA-A1-A0SG,Alive,,434.0,0.01749896,-0.63285415,0.3075695,-0.07691359,-0.57226377,0.33186326,-0.49353363,-0.03937792,0.57139456,0.78464793,1.63640817,-0.24173244,-0.51474584,-1.36362921,1,1,0,0,0,0,0,0,0,0,0,1,0,0,0,0,0,0,0,0,0,0,0,0,0,0,0,0,0,0,0
TCGA-A1-A0SH,Alive,,1437.0,-1.6772061,0.75937933,-0.16876384,-0.76306557,-0.66012304,0.73293442,0.76369128,0.87870852,0.31772566,-0.60002609,0.92942735,0.52449686,-0.83763127,-1.00509145,1,1,0,0,0,0,0,0,1,0,0,0,0,0,0,0,0,0,0,0,1,0,0,0,0,0,0,0,0,0,0
TCGA-A1-A0SI,Alive,,635.0,-0.66404127,1.5118114,0.46883366,0.29819033,0.3668843,-0.40816424,0.47456831,1.07533967,-0.55755473,0.07217747,-0.37909467,0.09619389,0.96691032,-1.32723042,1,1,0,0,0,0,0,0,1,0,0,0,0,0,0,0,0,0,0,1,1,0,0,1,0,1,0,0,0,0,0
TCGA-A1-A0SJ,Alive,,416.0,-1.72333135,-0.56369855,-0.36713479,-0.25543656,0.55159339,0.12182042,0.6345461,0.26206363,0.97938149,0.06906491,0.82801691,0.48982066,-1.07170026,-0.07929413,1,1,0,0,0,0,0,0,1,0,0,0,0,0,0,0,0,0,0,0,0,0,0,0,0,0,0,0,0,0,0
TCGA-A1-A0SK,Dead,967,967.0,-0.48987872,0.29025866,2.51191549,1.95043361,3.12445487,-2.68283405,-0.25082983,-0.30579299,-3.12857881,-2.08840422,-1.26755963,0.509587,-1.50262328,1.51039225,1,1,0,0,0,0,0,0,0,0,0,0,1,0,0,0,0,0,0,1,1,0,0,0,0,0,0,0,0,0,0
TCGA-A1-A0SM,Alive,,242.0,1.28435263,-0.7861924,-0.30769927,-1.00616519,-0.41410719,2.88256855,-0.23405204,1.00030246,0.91507075,0.16294965,-0.92183534,0.03844555,-0.3185932,-1.41898316,1,1,0,0,0,0,0,0,1,0,0,0,0,0,0,0,0,0,0,0,0,0,0,0,0,0,0,0,0,0,0
TCGA-A1-A0SN,Alive,,1196.0,-0.84854225,0.19564962,0.70509829,0.49494847,0.19530663,2.86514833,0.05357658,0.26448555,0.65214905,0.68551805,0.36925876,-0.1801959,0.31439822,-0.21612931,1,1,0,0,0,0,0,0,1,0,0,0,0,0,0,0,0,0,0,0,0,0,0,0,0,0,0,0,0,0,0
TCGA-A1-A0SO,Alive,,852.0,0.55032505,1.8695931,1.784866,2.09480802,3.10856006,0.28395125,1.34204933,-0.66295841,-2.32692389,-2.06105291,-1.24917836,0.85069083,-1.52789383,0.99114102,1,1,0,0,0,0,0,0,1,0,0,0,0,0,0,0,0,0,0,1,1,0,0,0,0,0,0,0,0,0,0
TCGA-A1-A0SP,Alive,,,0.10497787,-0.02304669,-1.76370626,0.90660093,0.7547237,-0.91189245,-0.27298822,-2.68655505,-1.54638173,-1.61492589,-1.15054027,1.17179826,-0.14664152,1.17951447,1,1,0,0,0,0,0,0,0,0,0,0,0,0,0,0,0,1,0,1,0,0,0,0,0,0,0,0,0,0,0
TCGA-A1-A0SQ,Alive,,554.0,-1.27162207,-0.63285415,-1.34279275,0.46605297,-0.88890307,-0.31207103,0.12471275,0.6411677,0.20765384,0.60368515,1.2463799,-0.61298044,-1.16989543,-0.5350379,1,1,0,0,0,0,0,0,1,0,0,0,0,0,0,0,0,0,0,0,0,0,0,0,0,0,0,0,0,0,0
TCGA-A2-A04N,Alive,,4354.0,0.40399669,-0.12922654,0.901187,-0.48745762,-0.64341051,-0.26241016,-0.24503903,0.13385991,0.37589901,0.68029001,1.66088102,-0.46865939,-0.38715121,-0.05625931,1,1,0,0,0,0,0,0,1,0,0,0,0,0,0,0,0,0,0,0,0,0,0,1,0,0,0,0,0,0,0
TCGA-A2-A04P,Dead,548,,-1.95077651,1.04051309,-2.35111992,-2.9776552,-0.36371148,-1.82649475,6.69681609,-1.36218604,-2.49078031,-1.12320704,-1.27141982,0.25190991,-0.44017314,-1.48697042,1,1,0,0,0,0,0,0,1,0,0,0,0,0,0,0,0,0,0,1,0,1,0,1,0,0,0,0,0,0,0
TCGA-A2-A04Q,Alive,,2385.0,-1.0099806,-0.12922654,-1.22191786,-0.66458,-0.88599605,-1.23173458,-1.40474542,-2.08057889,-0.78004602,-1.75249551,-0.94274097,0.61115458,2.32197332,0.01363247,1,1,0,0,0,0,0,0,1,0,0,0,0,0,0,0,0,0,0,0,0,0,0,0,0,0,0,0,0,0,0
TCGA-A2-A04R,Alive,,3709.0,-1.91976126,0.56790396,-0.53036407,0.89928827,-0.99854155,-0.09142031,-0.05193165,0.49036052,-0.12467072,0.46803825,0.96322795,-0.54367381,-0.81917671,0.94633252,1,1,0,0,0,0,0,0,1,0,0,0,0,0,0,0,0,0,0,0,0,0,0,0,0,0,0,0,0,0,0
TCGA-A2-A04T,Alive,,2246.0,0.08907262,0.74959351,1.43450688,-2.63052921,2.43567917,-0.56640229,0.26574426,-1.31568345,-2.16701055,-2.00399474,-1.24489138,0.21004884,0.77955009,0.49623845,1,1,0,0,0,0,0,0,1,0,0,0,0,0,0,0,0,0,0,1,0,0,0,1,0,0,0,0,1,0,0
TCGA-A2-A04U,Alive,,2654.0,-1.050539,0.05491786,-2.30183502,1.68697727,-0.76101255,-1.44744469,-2.38845008,0.0089351,-2.77851969,-2.13626093,-1.29138948,-0.88603349,-1.65689576,0.51822785,1,1,0,0,0,0,0,0,1,0,0,0,0,0,0,0,0,0,0,1,0,0,0,0,0,0,0,0,0,0,0
TCGA-A2-A04V,Dead,1920,1920.0,-1.75275607,-0.56369855,-0.05185088,-0.60473298,-0.76093891,-0.11607217,-1.19889453,-0.36302704,-0.20075756,0.46073332,-0.88456735,-0.90136615,-0.9451426,-0.21252337,1,1,0,0,0,0,0,0,1,0,0,0,0,0,0,0,0,0,0,0,0,0,0,1,0,0,0,0,0,0,0
TCGA-A2-A04W,Alive,,3102.0,-0.86047119,1.09172269,-0.38229622,-1.86592727,-0.39912065,1.9487603,-1.54778018,-0.95457459,-0.72140358,-1.69500716,-1.19685987,-0.10446945,-1.27649964,-1.11142707,1,1,0,0,1,0,0,0,0,0,0,0,0,0,0,0,0,0,0,1,0,0,0,1,0,0,0,0,0,0,0
TCGA-A2-A04X,Alive,,1686.0,-2.10267171,-0.43748934,-0.07654024,-0.68580628,-0.17862888,1.71123287,-1.03075608,0.27111398,-0.72718304,-0.7444612,0.05317574,-1.42239896,0.9504889,-1.22255586,1,1,0,0,0,0,0,0,1,0,0,0,0,0,0,0,0,0,0,0,0,0,0,0,0,0,0,0,0,0,0
TCGA-A2-A04Y,Alive,,1099.0,-0.60201077,-0.29813223,-0.47917607,-0.53432822,-0.32645546,-0.58169314,-1.48158724,-1.2730207,-0.08128478,-0.00580524,-0.25493407,-0.84454162,-0.7873481,-0.80433675,1,1,0,0,0,0,0,0,1,0,0,0,0,0,0,0,0,0,0,0,0,0,0,0,0,0,0,0,0,0,0
TCGA-A2-A0CL,Alive,,3015.0,-1.90385601,1.07733939,0.78072783,1.04586884,0.81547827,-0.78982141,0.60215333,-0.10460711,0.87672043,-0.6850535,-0.63257724,0.34012562,2.27848334,0.23501831,1,1,0,0,0,0,0,0,1,0,0,0,0,0,0,0,0,0,0,1,0,0,0,0,0,0,0,0,0,0,0
TCGA-A2-A0CM,Dead,754,754.0,-1.5960893,0.07355381,1.44043475,0.43034009,1.13609408,-1.08473768,0.63845301,0.85192918,-0.87713937,-1.54366223,-1.23306839,0.3159011,2.94844858,1.9280177,1,1,0,0,0,0,0,0,1,0,0,0,0,0,0,0,0,0,0,1,0,0,0,0,0,0,0,0,0,0,0
TCGA-A2-A0CP,Alive,,2813.0,-0.03578365,-0.46767555,0.67589861,-1.89327751,-1.66111708,-0.43971955,-1.21842905,0.11541961,-0.43758901,-0.07133687,1.21347724,0.22517163,-0.65026497,-0.22921791,1,1,0,0,0,0,0,0,1,0,0,0,0,0,0,0,0,0,0,0,0,0,0,1,0,0,0,0,0,0,0
TCGA-A2-A0CQ,Alive,,2695.0,0.11133998,-0.37955415,0.46181354,-0.73155161,-0.91637886,-0.43617218,-1.93747718,-0.20530432,-0.31969597,0.55809763,0.67967528,-1.44383083,-0.76750148,-1.61423385,1,1,0,0,0,0,0,0,1,0,0,0,0,0,0,0,0,0,0,0,0,0,0,0,0,0,0,0,0,0,0
TCGA-A2-A0CR,Alive,,3283.0,-0.48431188,0.92177108,0.07530583,-1.77042441,-1.45855433,-0.89291806,-2.36347891,-0.97519832,-1.42147559,-0.48132523,0.32367893,-0.38209764,-0.21553874,-0.40805084,1,1,0,0,0,0,0,0,0,0,0,0,0,0,1,0,0,0,0,0,0,0,0,1,0,0,0,0,0,0,0
TCGA-A2-A0CS,Dead,2348,2348.0,0.98374329,-0.27231074,1.0363152,-0.19165011,-0.95007928,0.03340003,-1.05088687,-1.30681623,0.05510313,0.76896892,0.76064698,-1.09199905,-0.57333659,-1.72299566,1,1,0,0,0,0,0,0,1,0,0,0,0,0,0,0,0,0,0,0,0,0,0,1,1,0,0,0,0,0,0
TCGA-A2-A0CT,Alive,,2289.0,0.79685653,0.68892411,-0.61133251,1.09368178,0.05621111,0.57744828,0.19095371,-0.26140482,0.44541068,0.66873423,-1.11991037,-0.58408694,-0.60497017,1.26093581,1,1,0,0,0,0,0,0,1,0,0,0,0,0,0,0,0,0,0,0,0,0,0,0,0,0,0,0,0,0,0
TCGA-A2-A0CU,Dead,158,158.0,0.98533381,-0.27231074,-0.72059508,0.83472689,-0.79998748,0.38395362,-0.32228413,-0.6809464,0.39523143,1.01024525,-0.47503867,-0.39065237,-0.22346671,-0.35824149,1,1,0,0,0,0,0,0,1,0,0,0,0,0,0,0,0,0,0,0,0,0,0,0,0,0,0,0,0,0,0
TCGA-A2-A0CV,Alive,,3011.0,-1.52610617,-0.91756567,0.21807082,-1.6556959,-1.28243408,-0.37430527,-0.23243889,0.500972,-0.29905776,0.4468456,0.74890409,0.4020208,0.06447965,0.28492377,1,1,0,0,0,0,0,0,1,0,0,0,0,0,0,0,0,0,0,0,0,0,0,0,0,0,0,0,0,0,0
TCGA-A2-A0CW,Alive,,3283.0,0.48829455,0.10988067,-2.03424165,0.55024877,1.8746585,0.13939742,-0.23210081,-0.25061704,-0.4964039,0.87321185,0.71490379,-0.54786841,0.50424573,-0.8132249,1,1,0,0,0,0,0,0,1,0,0,0,0,0,0,0,0,0,0,1,0,0,0,1,0,0,0,0,0,0,0
TCGA-A2-A0CX,Alive,,1728.0,-0.68471811,1.80181925,0.11902217,-0.4318418,0.31812807,2.18741094,-0.78912871,-0.38345281,-0.2446401,-1.42943931,-1.0902445,-0.58928847,0.38880169,0.56064025,1,1,0,0,0,0,0,0,1,0,0,0,0,0,0,0,0,0,0,0,0,0,0,0,0,0,0,0,0,0,0
TCGA-A2-A0D0,Alive,,2048.0,-0.03975996,0.50802582,-2.03612591,0.28567945,0.72129706,-1.17003329,-0.34442424,-0.41618554,-0.67677738,-2.07796196,-1.31665649,0.47593511,-0.22486689,0.8252452,1,1,0,0,0,0,0,0,1,0,0,0,0,0,0,0,0,0,0,1,0,0,0,0,0,0,0,0,0,0,0
TCGA-A2-A0D1,Alive,,1051.0,1.25969949,0.09187117,-1.51217891,-0.72104404,-0.76750385,1.9402478,-2.32497572,-0.00052013,-1.26193994,-1.90457946,-1.2602137,4.20305457,-1.2579131,-2.83623474,1,1,0,0,0,0,0,0,1,0,0,0,0,0,0,0,0,0,0,1,0,0,0,1,0,0,0,0,0,0,0
TCGA-A2-A0D2,Alive,,1027.0,-1.23583524,0.57948828,-0.9266251,-1.69089803,-0.08259978,-0.7402232,-0.1585238,-2.41186115,-0.85821828,-1.85906558,-1.01260151,0.08040734,-0.37592052,0.63323072,1,1,0,0,0,0,0,0,1,0,0,0,0,0,0,0,0,0,0,1,0,0,0,0,0,0,0,0,0,0,0
TCGA-A2-A0D3,Alive,,1873.0,-1.47520935,-0.66918101,1.5867284,-0.62976491,-0.61587026,0.38804033,-0.2548483,0.42898187,0.61774369,0.59119844,1.52887907,-0.92932508,0.26960747,0.16611713,1,1,0,0,0,0,0,0,1,0,0,0,0,0,0,0,0,0,0,0,0,0,0,1,0,0,0,0,0,0,0
TCGA-A2-A0D4,Alive,,767.0,-1.84898287,-0.37955415,-0.32197837,1.28423427,-0.02790869,0.1542811,-0.68624144,-1.27126002,-2.56948337,0.41682365,-0.58428671,-0.91348219,-1.11547875,-0.14203367,1,1,0,0,0,0,0,0,1,0,0,0,0,0,0,0,0,0,0,0,0,0,0,0,0,0,0,0,0,0,0
TCGA-A2-A0EM,Alive,,3094.0,0.99010539,-0.66918101,0.69378133,-0.25842432,-0.71235704,-0.04061763,-0.61872009,0.84631337,0.82245399,0.77094299,1.76523921,-0.42307438,0.05405307,-0.53862035,1,1,0,0,0,0,0,0,1,0,0,0,0,0,0,0,0,0,0,0,0,0,0,1,0,0,0,0,0,0,0
TCGA-A2-A0EN,Alive,,4088.0,0.75629812,-0.46767555,-0.11589008,-1.12951048,-0.56399097,-0.36856927,-0.0270867,-0.25140735,0.17484795,0.23452929,-1.02365856,0.0637182,0.9349724,-0.90795204,1,1,0,0,0,0,0,0,0,0,0,0,0,0,1,0,0,0,0,0,0,0,0,0,0,0,0,0,0,0,0
TCGA-A2-A0EO,Alive,,2442.0,-0.5264608,-0.56369855,0.28488294,-0.96264705,-1.35134682,0.26507269,-0.24663579,0.51350251,0.38137458,0.23331146,1.33448606,0.60203366,-0.52423072,0.52957377,1,1,0,0,0,0,0,0,1,0,0,0,0,0,0,0,0,0,0,0,0,0,0,1,0,0,0,0,0,0,0
TCGA-A2-A0EP,Alive,,3603.0,-0.37297508,-1.92295896,-0.1609323,-0.93927153,-0.40242745,-1.24006712,-0.86733806,-0.33487173,-0.16021978,-0.33016672,-1.05074482,0.04813874,1.7225049,0.32225093,1,1,0,0,0,0,0,0,0,0,0,0,0,0,1,0,0,0,0,0,0,0,0,0,0,0,0,0,0,0,0
TCGA-A2-A0EQ,Alive,,2426.0,0.2711878,1.5773408,0.68542001,-0.31412005,0.25569296,-0.52191515,-1.38741869,-0.44419385,-0.1910591,-1.14290387,-1.27237643,2.97965694,1.3384437,-0.97883928,1,1,0,0,0,0,0,0,1,0,0,0,0,0,0,0,0,0,0,1,0,0,0,1,0,0,0,0,0,0,0
TCGA-A2-A0ER,Alive,,2263.0,0.15746522,-0.7861924,-0.5574381,0.79543173,0.83586963,-0.05294313,0.7461432,0.34557222,1.04572976,1.0503729,0.21886463,-0.67213296,-1.21546701,-0.76225591,1,1,0,0,0,0,0,0,1,0,0,0,0,0,0,0,0,0,0,0,0,0,0,0,0,0,0,0,0,0,0
TCGA-A2-A0ES,Alive,,2190.0,-0.68312758,-1.44951757,0.02310923,-0.57585465,-0.25111537,0.0877415,0.99983849,1.35855179,0.99268922,0.34068312,1.30983007,1.60541863,0.00997126,1.0529714,1,1,0,0,0,0,0,0,0,0,0,0,0,0,1,0,0,0,0,0,0,0,0,0,0,0,0,0,0,0,0
TCGA-A2-A0ET,Alive,,1066.0,-0.18131674,-0.08548414,1.07573204,1.08029166,0.58218653,0.2224709,0.37384218,0.57110616,1.67528446,0.93518702,0.69785891,-1.46897089,-0.20746804,0.64432732,1,1,0,0,0,0,0,0,1,0,0,0,0,0,0,0,0,0,0,0,0,0,0,0,0,0,0,0,0,0,0
TCGA-A2-A0EU,Alive,,1043.0,1.4903257,-0.12922654,0.98460378,0.92047345,0.39173184,-0.15101143,0.61792866,0.65798918,0.4134768,0.90038,1.69321585,-0.32134559,0.64187154,0.72944241,1,1,0,0,0,0,0,0,1,0,0,0,0,0,0,0,0,0,0,0,0,0,0,0,0,0,0,0,0,0,0
TCGA-A2-A0EV,Alive,,968.0,1.52134095,0.17903626,-0.07492832,1.33452487,-0.12632265,0.45798937,0.07154478,0.25229373,0.34196613,0.64923585,1.36009119,-0.47288043,0.34913436,-1.63479739,1,1,0,0,0,0,0,0,1,0,0,0,0,0,0,0,0,0,0,0,0,0,0,1,0,0,0,0,0,0,0
TCGA-A2-A0EW,Dead,1884,,-0.3340072,-1.24147167,0.07924352,-0.39152542,-0.05629441,0.02090178,0.95551752,1.48351184,1.08866641,0.47603831,0.6296651,1.15911617,0.58920173,0.94121421,1,1,0,0,0,0,0,0,0,0,0,0,0,0,1,0,0,0,0,0,0,0,0,1,0,0,0,0,0,0,0
TCGA-A2-A0EX,Alive,,752.0,-1.18493842,-0.74575214,0.1428771,-0.90734369,-1.1843351,0.47507777,-0.45990165,0.51815537,0.37686558,0.01053837,0.98866827,-0.03071887,-0.98628353,1.0004796,1,1,0,0,0,0,0,0,0,0,0,0,0,0,1,0,0,0,0,0,0,0,0,1,0,0,0,0,0,0,0
TCGA-A2-A0EY,Alive,,1925.0,0.12485944,1.53094655,0.52377185,0.14090191,1.44204663,2.31424191,-0.48861585,-0.85331712,1.31515321,0.2461169,-1.1149385,-0.96951219,-0.34532257,-1.21068466,1,1,0,0,0,0,0,0,1,0,0,0,0,0,0,0,0,0,0,1,0,0,0,1,0,0,0,0,0,0,0
TCGA-A2-A0ST,Alive,,3017.0,0.13599312,-1.12228897,0.74507655,-0.54957099,0.30460526,-0.88195594,-0.41910917,0.17626905,-0.90146551,-0.784727,-0.82752439,0.55896562,2.43493498,0.79151017,1,1,0,0,0,0,0,0,1,0,0,0,0,0,0,0,0,0,0,0,0,0,0,0,0,0,0,0,0,0,0
TCGA-A2-A0SU,Alive,,1662.0,0.41831142,-0.56369855,0.16789104,-0.12904286,-1.40252662,0.21279555,-0.05181241,0.25191041,0.1307098,1.21911006,0.31436692,-0.08246315,-1.01046386,0.35785355,1,1,0,0,0,0,0,0,1,0,0,0,0,0,0,0,0,0,0,0,0,1,0,0,0,0,0,0,0,0,0
TCGA-A2-A0SV,Dead,825,825.0,0.18052784,-0.32459135,0.64222258,1.13245742,-0.13282486,-0.20662187,-0.41130075,-0.96418845,-0.6479741,-0.34104438,-0.03305718,-0.7444974,0.09482388,1.02056757,1,1,0,0,0,0,0,0,1,0,0,0,0,0,0,0,0,0,0,1,0,0,0,0,1,0,0,0,0,0,0
TCGA-A2-A0SW,Dead,1365,1365.0,1.69550351,0.09187117,-0.70301121,-1.25501829,-0.78822804,-2.15185216,-1.92260858,-0.87864313,-1.41820092,0.15426899,-0.12807498,-1.17426807,-0.13112162,-2.21697761,1,1,0,0,0,0,0,0,1,0,0,0,0,0,0,0,0,0,0,1,0,0,0,0,0,0,0,0,0,0,0
TCGA-A2-A0SX,Alive,,1534.0,-0.98532745,-0.59771854,1.67887587,0.3747874,1.76503547,-0.62663488,1.12414307,0.81552191,-0.63776952,-1.26001839,-1.05224129,0.90271357,1.39245419,0.70373249,1,1,0,0,0,0,0,0,1,0,0,0,0,0,0,0,0,0,0,1,0,0,0,0,0,0,0,0,0,0,0
TCGA-A2-A0SY,Alive,,1347.0,0.13678839,1.01779408,0.0736452,-0.93771843,-0.72243924,1.02892687,-0.45014806,0.54088448,0.6988799,0.52014842,0.88560782,0.06146742,0.05128252,0.31874322,1,1,0,0,0,0,0,0,0,0,0,0,0,0,1,0,0,0,0,0,0,0,0,1,0,0,0,0,0,0,0
TCGA-A2-A0T0,Alive,,533.0,-0.15745886,1.33368353,0.9823038,0.30742654,-1.06339581,-0.85208458,-0.31989585,-1.95276758,0.10263539,-1.76974821,-1.21685943,0.37615955,-0.33330088,1.97992736,1,1,0,0,0,0,0,0,1,0,0,0,0,0,0,0,0,0,0,0,0,1,0,0,0,0,0,0,0,0,0
TCGA-A2-A0T1,Alive,,521.0,-0.45091084,-0.70678276,0.22855352,-0.2998618,-0.46469867,2.32444412,-1.26521904,-1.24158689,-1.07106468,-1.95210908,-1.22310234,-0.74310431,0.94209281,-1.47392747,1,1,0,0,0,0,0,0,1,0,0,0,0,0,0,0,0,0,0,1,0,0,0,0,0,0,0,0,0,0,0
TCGA-A2-A0T2,Dead,255,255.0,0.42149247,-0.59771854,0.04261195,-1.7131198,-1.41154813,-1.12082052,-1.0099489,-3.373771,-1.53481209,-1.98394411,-1.26591335,0.51336949,-1.10431692,-1.17355741,1,1,0,0,0,0,0,0,1,0,0,0,0,0,0,0,0,0,0,1,0,0,0,0,0,0,0,0,0,0,0
TCGA-A2-A0T3,Alive,,1516.0,-1.87681707,-0.27231074,-1.33863787,1.4581746,1.64210462,-0.07523347,0.2397642,0.38496294,0.66842284,0.69130968,1.424267,0.76708555,-0.73308179,1.03990956,1,1,0,0,0,0,0,0,1,0,0,0,0,0,0,0,0,0,0,1,0,0,0,0,0,0,0,0,0,0,0
TCGA-A2-A0T4,Alive,,624.0,0.12008787,-0.43748934,-0.01583634,0.47235112,-0.58467179,0.01924205,0.15306682,0.64209485,0.07685777,0.82162223,1.06031481,0.11448794,0.05324545,0.64173882,1,1,0,0,0,0,0,0,0,0,0,0,0,0,1,0,0,0,0,0,0,0,0,1,0,0,0,0,0,0,0
TCGA-A2-A0T5,Alive,,531.0,-1.69708767,-1.24147167,1.35922496,0.15411707,-0.25015138,0.16254003,-0.55930531,0.28355292,0.44860082,0.25221473,1.2338253,0.59659628,-0.63318288,0.82775912,1,1,0,0,0,0,0,0,1,0,0,0,0,0,0,0,0,0,0,0,0,0,0,0,0,0,0,0,0,0,0
TCGA-A2-A0T6,Alive,,575.0,-0.86285698,-0.96519751,0.39007181,-0.59583618,-0.56425728,0.559211,0.86324978,1.25300889,1.32228265,-0.08661895,0.94466633,0.24485609,0.86977247,0.55091901,1,1,0,0,0,0,0,0,0,0,0,0,0,0,1,0,0,0,0,0,0,0,1,0,0,0,0,0,0,0,0
TCGA-A2-A0T7,Alive,,631.0,-0.77140175,-0.87196135,0.90036473,0.57839435,-0.14874511,0.11153344,0.57779695,1.2124412,0.96310451,-0.11858708,-0.03868104,0.94261688,0.15450305,0.312153,1,1,0,0,0,0,0,0,1,0,0,0,0,0,0,0,0,0,0,0,0,0,0,1,0,0,0,0,0,0,0
TCGA-A2-A0YC,Alive,,,0.03101843,-0.87196135,-0.3038455,0.85921143,0.31503205,0.62644074,0.20495646,2.15582715,0.7965749,0.85227621,1.7214938,-0.68015272,0.13241476,-0.41325635,1,1,0,0,0,0,0,0,1,0,0,0,0,0,0,0,0,0,0,0,0,0,0,1,0,0,0,0,0,0,0
TCGA-A2-A0YD,Alive,,769.0,0.15746522,0.19564962,0.82021205,-0.30675468,-0.05403702,-0.03359029,0.91846507,0.81334922,1.23993387,0.76954803,1.30931052,0.46714215,1.80949472,0.2357014,1,1,0,0,0,0,0,0,0,0,0,0,0,0,1,0,0,0,0,0,0,0,0,0,0,0,0,0,0,0,0
TCGA-A2-A0YE,Alive,,554.0,-0.99566587,-0.43748934,-2.38276851,0.76043749,1.40982146,-0.19288655,0.174483,-3.6790365,-1.89198499,-2.06402441,-1.18894227,2.41458572,-0.75652549,-0.97103775,1,1,0,0,0,0,0,0,1,0,0,0,0,0,0,0,0,0,0,1,0,0,0,0,0,1,0,0,0,0,0
TCGA-A2-A0YF,Alive,,1535.0,0.51453822,-0.59771854,0.755194,1.10225362,0.89582799,-0.07605456,0.38355844,0.75576982,1.34651893,1.25970643,0.39224553,-0.6254106,-0.18352385,0.2068146,1,1,0,0,0,0,0,0,1,0,0,0,0,0,0,0,0,0,0,0,0,0,0,0,0,0,0,0,0,0,0
TCGA-A2-A0YG,Alive,,666.0,0.16541785,0.10988067,-1.25686617,1.20243004,1.69247771,2.72138742,0.8455015,-0.16459829,1.31692738,0.5990575,-0.98637451,-0.58923177,-0.77307779,-0.84234533,1,1,0,0,0,0,0,0,1,0,0,0,0,0,0,0,0,0,0,1,0,0,0,0,0,0,0,0,0,0,0
TCGA-A2-A0YH,Alive,,659.0,-0.5884913,0.47042407,0.46817031,0.31750122,0.50293626,-0.13368864,-0.1030421,0.41128457,1.01407561,0.52938484,-0.251263,-0.95893015,1.40753796,0.40609678,1,1,0,0,0,0,0,0,1,0,0,0,0,0,0,0,0,0,0,1,0,0,0,1,0,0,0,0,0,0,0
TCGA-A2-A0YI,Alive,,1505.0,0.14394575,-1.24147167,0.2633868,-0.95523539,-0.65112228,-0.23306081,1.31262118,0.12004931,0.78464706,0.88067171,0.8223737,0.18612004,0.21768908,-0.37875447,1,1,0,0,0,0,0,1,0,0,0,0,0,0,0,0,0,0,0,0,0,0,0,1,0,0,0,0,0,0,0
TCGA-A2-A0YJ,Alive,,,-1.5873414,0.4046648,-0.62119379,0.30197025,1.65847163,1.7760853,0.23417986,-0.50886399,1.62693273,-2.02400438,-1.26931098,1.59541411,-0.32907218,1.65808371,1,1,0,0,0,0,0,0,1,0,0,0,0,0,0,0,0,0,0,1,0,0,0,0,0,0,0,0,0,0,0
TCGA-A2-A0YK,Alive,,588.0,0.07078157,2.07641834,0.37802795,-0.76322008,0.26272475,-0.49860488,0.6362777,0.96876069,1.01635864,0.63944337,-0.56474406,1.19797336,1.14813297,0.34428113,1,1,0,0,0,0,0,0,0,0,0,0,0,0,1,0,0,0,0,0,0,0,0,1,0,0,0,0,0,0,0
TCGA-A2-A0YL,Alive,,1474.0,-1.00043744,-0.46767555,0.61457175,-0.03009878,-0.06215527,-0.36387338,0.77491293,1.34399065,0.75427093,0.16331306,1.41241362,1.14462417,1.06007929,1.23074583,1,1,0,0,0,0,0,0,0,0,0,0,0,0,1,0,0,0,0,0,0,0,0,1,0,0,0,0,0,0,0
TCGA-A2-A0YM,Alive,,965.0,0.55112031,0.45759111,0.664384,0.08385274,1.84013213,-0.41303397,1.46383794,0.05184964,-1.20297308,-1.86343002,-1.23273959,1.0234001,0.8842192,1.85010254,1,1,0,0,0,0,0,0,1,0,0,0,0,0,0,0,0,0,0,1,0,0,0,0,0,0,0,0,0,0,0
TCGA-A2-A0YT,Dead,723,723.0,-0.39524244,0.10988067,0.54856493,0.74593428,0.85730466,-0.14548658,1.27584966,0.19773645,0.9044942,0.76559166,-1.00654098,-0.55651755,-0.64219176,-0.12104849,1,1,0,0,0,0,0,0,1,0,0,0,0,0,0,0,0,0,0,1,0,0,0,1,0,0,0,0,0,0,0
TCGA-A2-A1FV,Alive,,714.0,1.08633219,-0.29813223,-0.92473753,0.47634735,-1.08518271,-0.43749831,0.93000146,0.32094781,-0.12237447,0.65083521,-0.70816777,0.04016652,-1.39865296,1.22588981,1,1,0,0,0,0,0,0,0,0,0,0,0,0,1,0,0,0,0,0,0,0,0,0,0,0,0,0,0,0,0
TCGA-A2-A1FW,Alive,,528.0,0.10497787,0.34898787,0.86378785,0.01753043,3.57795144,-0.75147694,1.83200597,0.90915483,1.25730131,1.18804199,-0.88837055,-0.0196904,-0.66728414,0.53508423,1,1,0,0,0,0,0,0,1,0,0,0,0,0,0,0,0,0,0,0,0,0,0,0,0,0,0,0,0,0,0
TCGA-A2-A1FX,Alive,,1847.0,0.00954633,-0.70678276,1.14922386,1.82377189,1.59320111,-0.10677115,0.44383831,0.30747445,1.65842321,0.80204358,0.92169061,-0.32088358,-0.6192744,0.4251982,1,1,0,0,0,0,0,0,1,0,0,0,0,0,0,0,0,0,0,0,0,0,0,0,0,0,0,0,0,0,0
TCGA-A2-A1FZ,Alive,,683.0,0.16462258,-0.74575214,0.71477451,0.27445207,0.3224881,0.31307934,0.83379774,0.79613526,1.28279926,0.9607471,1.30521009,0.6528088,-0.45626799,-0.30772801,1,1,0,0,0,0,0,0,1,0,0,0,0,0,0,0,0,0,0,0,0,0,0,1,0,0,0,0,0,0,0
TCGA-A2-A1G0,Alive,,616.0,-0.93522589,-0.91756567,-0.06076224,0.36661867,-0.73068766,0.90018381,0.74044557,0.53713936,0.77059697,0.08271362,1.18621177,0.65080601,0.0342931,0.84460143,1,1,0,0,0,0,0,0,1,0,0,0,0,0,0,0,0,0,0,0,0,0,0,1,0,0,0,0,0,0,0
TCGA-A2-A1G1,Alive,,584.0,1.94283025,-0.53072549,-1.26930035,0.89774789,2.99602688,2.87530332,0.86493954,0.5021025,0.72281144,-1.57072266,-1.03818322,1.26311161,2.04350335,0.52764317,1,1,0,0,0,0,0,0,1,0,0,0,0,0,0,0,0,0,0,1,0,0,0,0,0,0,0,0,0,0,0
TCGA-A2-A1G4,Alive,,595.0,0.79844705,-0.56369855,-0.43502903,1.54660853,0.69771376,-0.66764855,0.04987796,1.46184273,0.94201494,1.33574119,0.87387746,-0.76752572,-0.51234271,-0.01054755,1,1,0,0,0,0,0,0,1,0,0,0,0,0,0,0,0,0,0,0,0,0,0,0,0,0,0,0,0,0,0
TCGA-A2-A1G6,Alive,,501.0,-0.8238891,-2.04916818,0.65683497,-0.6387402,-1.40662214,-0.21588625,0.5130313,1.65639283,1.07710695,0.26518601,1.1728275,1.8113485,0.52017173,0.71398256,1,1,0,0,0,0,0,0,1,0,0,0,0,0,0,0,0,0,0,0,0,0,0,0,0,0,0,0,0,0,0
TCGA-A2-A259,Alive,,1596.0,0.7332355,-0.82821896,1.7599412,-1.13504777,-0.11507496,-0.57343308,1.02835455,0.29509849,0.45284898,0.93875188,1.2848952,0.54152165,1.70183029,1.32285791,1,1,0,0,0,0,0,0,1,0,0,0,0,0,0,0,0,0,0,0,0,0,0,0,0,0,0,0,0,0,0
TCGA-A2-A25A,Alive,,,0.10497787,1.77194861,0.48250206,-0.76584917,-0.20864404,-0.78988711,0.75825166,1.43045629,1.08153125,-0.07350219,1.23267582,1.25911562,0.69714836,0.6733143,1,1,0,0,0,0,0,0,0,0,0,0,0,1,0,0,0,0,0,0,0,0,0,1,0,0,0,0,0,0,0
TCGA-A2-A25B,Alive,,,-1.42749358,0.71968813,0.5139926,-0.3392602,2.18881344,-0.83196703,2.05626442,1.22069548,0.99143894,-0.05122927,-0.35715511,1.50610581,0.51458486,0.03194918,1,1,0,0,0,0,0,0,1,0,0,0,0,0,0,0,0,0,0,0,1,0,0,0,0,0,0,0,0,0,0
TCGA-A2-A25C,Alive,,523.0,-0.82547962,-0.59771854,1.38143936,1.67312116,0.78902011,0.18424313,0.63624342,1.632096,2.07365819,0.05945933,0.314929,-0.01583203,0.48199993,-0.23806259,1,1,0,0,0,0,0,0,1,0,0,0,0,0,0,0,0,0,0,0,0,0,0,1,0,0,0,0,0,0,0
TCGA-A2-A25D,Alive,,0.0,2.30228904,0.07355381,-0.68718133,-0.93802893,-0.74728977,-0.12429584,-0.98176749,-1.09019978,-0.73977893,-0.46714141,-1.22676084,-0.60001277,0.80316191,1.42010834,1,1,0,0,0,0,0,0,0,0,0,0,0,0,1,0,0,0,0,0,0,0,0,1,0,0,0,0,0,0,0
TCGA-A2-A25E,Alive,,,-1.46089462,0.16216127,0.23215113,1.56793956,-0.91040745,-0.00378858,0.2147782,1.31287239,-0.13931353,0.4518881,0.70102429,-0.4357494,-0.79543904,0.97808963,1,1,0,0,0,0,0,0,1,0,0,0,0,0,0,0,0,0,0,0,0,0,0,0,0,0,0,0,0,0,0
TCGA-A2-A25F,Alive,,322.0,0.43978352,-3.10016579,-0.06225847,0.51626277,1.08254162,-1.85511742,0.98171217,0.38580367,0.80849113,-1.55067791,-0.98996,1.84635183,3.4229699,0.33121086,1,1,0,0,0,0,0,0,1,0,0,0,0,0,0,0,0,0,0,0,0,0,0,0,0,0,0,0,0,0,0
TCGA-A2-A3KD,Alive,,1206.0,-1.07280636,-1.61469616,-0.43902312,-0.09210811,-0.27577314,0.16902006,0.11192227,1.47056209,0.44251847,0.71414573,0.72718181,0.41271372,-0.7550509,0.54230834,1,1,0,0,0,0,0,0,0,0,0,0,0,0,0,0,1,0,0,0,0,0,0,0,0,0,0,0,0,0,0
TCGA-A2-A3XU,Dead,912,,-1.8847697,-0.96519751,1.2302137,-0.39169659,-0.96809152,-1.17234064,-2.10652731,0.37760981,-4.23069116,-1.57063479,-1.28228956,-0.170243,-2.34322902,2.38818651,1,1,0,0,0,0,0,0,1,0,0,0,0,0,0,0,0,0,0,0,0,0,0,0,0,0,0,0,0,0,0
TCGA-A2-A3XW,Alive,,1712.0,-1.44339883,-2.19225239,0.1382401,-1.49008334,-2.11094425,-0.04719381,-2.68348869,-1.53480267,-2.02058983,-0.6160084,-0.65300167,1.18062876,-1.0578871,1.85234414,1,1,0,0,0,0,0,0,1,0,0,0,0,0,0,0,0,0,0,0,0,0,0,0,0,0,0,0,0,0,0
TCGA-A2-A3Y0,Alive,,1546.0,-0.27754354,1.26300694,-0.98850171,-0.27088514,-0.9167776,-1.29290683,-1.87914542,-4.3127465,-2.79484122,-1.07334148,-1.28749364,0.92721437,1.4392142,0.52916781,1,1,0,0,0,0,0,0,1,0,0,0,0,0,0,0,0,0,0,1,0,0,0,0,0,0,0,0,0,0,0
TCGA-A2-A4RW,Alive,,222.0,-0.92250169,0.79765267,0.21575345,-0.6964972,-0.40101831,0.3867435,0.36548608,-1.27362663,0.08916289,0.17709476,0.8216405,0.27472902,-0.57682297,0.19398572,1,1,0,0,0,0,0,0,0,0,0,0,0,0,1,0,0,0,0,0,0,0,0,0,0,0,0,0,0,0,0
TCGA-A2-A4S1,Alive,,820.0,0.44694089,0.27505926,-0.39394365,-1.71762428,-1.28464748,-3.46767099,-0.86853791,-2.14594427,0.15245441,-1.7498198,-1.31171671,-0.31109765,-1.35100359,-0.10766738,1,1,0,0,0,0,0,0,0,0,0,0,0,0,0,1,0,0,0,1,0,0,0,0,0,0,0,0,0,0,0
TCGA-A2-A4S2,Alive,,643.0,0.13917417,-0.43748934,0.3003795,-0.38754466,-0.40807418,0.12427468,0.34985281,-0.57075185,0.18564801,0.27502341,1.06518085,-0.24427246,2.42096179,0.3574753,1,1,0,0,0,0,0,0,0,0,1,0,0,0,0,0,0,0,0,0,0,0,0,1,0,0,0,0,0,0,0
TCGA-A2-A4S3,Alive,,666.0,-0.11690045,0.25964116,0.03954339,2.25382496,1.7070151,-0.40715896,-0.66743934,-0.54543867,0.07019395,0.61618231,0.4383111,-0.95576273,0.01949009,-0.5166795,1,1,0,0,0,0,0,0,1,0,0,0,0,0,0,0,0,0,0,1,0,0,0,0,0,0,0,0,1,0,0
TCGA-A7-A0CD,Alive,,1165.0,0.423083,-0.74575214,-0.09960969,1.68389167,-0.51384359,0.76329714,2.48608599,0.57124978,0.58904382,0.99944873,1.53223431,-1.0008026,-0.42808529,1.16810313,1,1,0,0,0,0,0,0,1,0,0,0,0,0,0,0,0,0,0,0,0,0,0,0,0,0,0,0,0,0,0
TCGA-A7-A0CE,Alive,,1074.0,-0.31253511,0.73971749,1.03716677,1.28072533,-2.29567437,-0.06256039,0.22805936,-0.5329554,-1.75047302,-0.82403054,-0.7990806,1.27596653,-0.12885476,0.6750551,1,1,0,0,0,0,0,0,1,0,0,0,0,0,0,0,0,0,0,1,0,0,0,0,0,0,0,0,0,0,0
TCGA-A7-A0CG,Alive,,1043.0,1.37103628,-0.04345759,0.0241497,-0.69661573,-0.15235456,-0.27684248,0.37127464,0.83340672,0.88562936,0.88556786,-0.30037643,0.60736385,0.32557287,-0.87496442,1,1,0,0,0,0,0,1,0,0,0,0,0,0,0,0,0,0,0,0,0,0,0,1,0,0,0,0,0,0,0
TCGA-A7-A0CH,Alive,,1079.0,1.48157781,-0.70678276,-0.35652346,-1.35864026,-1.82610736,-0.65920224,-0.54465989,0.07474735,-0.60966105,0.04807791,0.05934601,1.23488952,-0.67735357,0.57440366,1,1,0,0,0,0,0,0,1,0,0,0,0,0,0,0,0,0,0,0,0,0,0,1,0,0,0,0,0,0,0
TCGA-A7-A0CJ,Alive,,931.0,-0.27992933,0.03595206,0.37183886,-0.16027031,-0.34237783,-0.71453709,0.21842588,-1.09829356,-0.06991404,0.89927688,1.55035539,-1.09286205,0.38064161,0.67394689,1,1,0,0,0,0,0,0,1,0,0,0,0,0,0,0,0,0,0,1,0,0,0,1,0,0,0,0,0,0,0
TCGA-A7-A0D9,Alive,,1139.0,-1.84262077,-0.96519751,-0.64498666,-0.31351467,-1.05575894,-0.29889808,0.11898653,0.57250024,0.78562626,0.43975612,-0.56850356,-0.1760443,-1.25906378,0.46974323,1,1,0,0,0,0,0,0,1,0,0,0,0,0,0,0,0,0,0,0,0,0,0,1,0,0,0,0,0,0,0
TCGA-A7-A0DA,Alive,,1085.0,0.08907262,1.17418951,0.75906951,-0.5483019,-0.19851402,-0.46455237,0.19231157,0.32814397,0.40329844,-1.93728451,-1.12488788,1.29598179,-0.24884523,0.68110678,1,1,0,0,0,0,0,0,1,0,0,0,0,0,0,0,0,0,0,1,0,0,0,0,0,0,0,0,0,0,0
TCGA-A7-A0DB,Alive,,1007.0,-0.37615613,0.39101443,-0.8717414,-0.77320277,-0.64396529,-2.29266457,0.94308699,0.90859138,0.11204469,-1.19900225,-0.8843905,1.55515113,-0.09064103,0.24660756,1,1,0,0,0,0,0,0,1,0,0,0,0,0,0,0,0,0,0,0,0,0,0,1,0,0,0,0,0,0,0
TCGA-A7-A13D,Alive,,965.0,-1.13801791,0.76907659,-1.87435041,-0.48069232,-0.03749429,0.02591259,-0.86529285,-2.01984727,-1.00988803,-1.90497098,-0.941677,1.27125534,-1.4563876,0.54166491,1,1,0,0,0,0,0,0,1,0,0,0,0,0,0,0,0,0,0,1,0,0,0,0,0,0,0,0,0,0,0
TCGA-A7-A13E,Dead,614,,0.20597625,0.09187117,-0.62534626,-1.0076786,-1.73524934,-1.12248235,0.92514397,0.50427077,0.35364731,-0.02985403,0.44465678,1.51010544,-0.56655007,0.12539193,1,1,0,0,0,0,0,0,1,0,0,0,0,0,0,0,0,0,0,1,0,0,0,0,0,0,0,0,0,0,0
TCGA-A7-A13F,Alive,,765.0,-1.2922989,-0.32459135,-0.29717725,-1.0770568,-1.49242357,-1.04926846,0.76169141,0.59636948,-0.2073185,-0.92781597,0.40990224,1.83211503,-0.16810778,1.26357768,1,1,0,0,0,0,0,0,1,0,0,0,0,0,0,0,0,0,0,0,0,0,0,0,0,0,0,0,0,0,0
TCGA-A7-A13G,Alive,,,1.5801904,-0.49873685,-1.6542298,-1.38690831,-2.10243638,-2.85013777,1.12572876,2.13734137,-0.1043611,-0.98483482,-0.70960952,1.64425189,-0.59106265,0.05004438,1,1,0,0,0,0,0,0,0,0,0,0,0,0,0,0,0,1,0,0,0,0,0,1,0,0,0,0,0,0,0
TCGA-A7-A26E,Alive,,,0.10497787,-0.24709688,-2.79786474,-0.45534074,0.64792212,-1.09223502,0.45800021,1.11865022,0.36894306,0.54445251,-0.08778817,-0.77587114,-1.24033753,-2.56534651,1,1,0,0,0,0,0,0,1,0,0,0,0,0,0,0,0,0,0,0,0,0,0,1,0,0,0,0,0,0,0
TCGA-A7-A26F,Alive,,738.0,-0.45488715,-0.35172039,-0.14846133,-0.23096108,1.62497001,-1.32053532,-0.98068687,-0.55585638,-0.24449517,-1.32443508,-1.11711306,2.20773019,1.64266919,-0.72210772,1,1,0,0,0,0,0,0,0,0,0,0,0,0,0,1,0,0,0,1,0,0,0,0,1,0,0,0,0,0,0
TCGA-A7-A26G,Alive,,722.0,-0.85729014,0.05491786,0.6807965,-0.23769369,0.58953925,-1.88727534,1.15464136,0.39069447,1.24837505,-1.72890208,-0.70443278,1.02061625,0.493099,0.06853852,1,1,0,0,0,0,0,0,0,0,0,0,0,0,0,1,0,0,0,1,0,0,0,0,1,0,0,0,0,0,0
TCGA-A7-A26H,Alive,,,0.96545224,0.89635788,-0.52206252,1.22803765,0.83908532,0.39696537,0.58724037,0.97599956,1.16296021,0.87308576,1.43089069,-0.12028559,-0.11209565,-0.50701683,1,1,0,0,0,0,0,0,0,0,0,0,0,0,0,0,0,1,0,0,1,0,0,1,0,0,0,0,0,0,0
TCGA-A7-A26I,Alive,,,0.10497787,-0.49873685,-0.97941332,-0.0228326,1.99475591,-1.26776671,0.07655091,0.71055976,-1.28070146,-1.77114745,-1.13265389,-0.1102779,-0.55365761,-1.41402315,1,1,0,0,0,1,0,0,0,0,0,0,0,0,0,0,0,0,0,1,0,0,0,0,0,0,0,0,0,0,0
TCGA-A7-A26J,Alive,,627.0,-0.95113115,-1.12228897,1.12219172,1.54434259,1.40479938,0.28523675,1.30071006,0.88053463,1.20881247,0.42666346,0.99583713,0.1480453,0.51449651,0.50143801,1,1,0,0,0,0,0,0,1,0,0,0,0,0,0,0,0,0,0,0,0,0,0,0,0,0,0,0,0,0,0
TCGA-A7-A4SC,Alive,,446.0,0.15428417,-0.63285415,0.18165955,-0.51217035,-0.30220127,1.00043672,-0.28058676,-0.40440609,0.7582668,0.81346438,-0.81631356,0.47184634,-0.00703301,0.66248269,1,1,0,0,0,0,0,0,0,0,0,0,0,0,1,0,0,0,0,0,0,0,0,0,1,0,0,0,0,0,0
TCGA-A7-A4SE,Alive,,644.0,-0.48272135,0.62461242,2.33930467,-0.832258,1.37604508,-0.61593867,0.53016104,-0.12709872,-1.16928343,-1.63282434,-0.98088883,1.05671318,0.16618102,1.49867503,1,1,0,0,0,0,0,0,1,0,0,0,0,0,0,0,0,0,0,1,0,0,0,0,0,0,0,0,0,0,0
TCGA-A7-A4SF,Alive,,545.0,-0.50339818,0.47042407,0.3362927,0.19018537,-0.04758707,1.36841439,-1.8746769,0.18559279,-0.98279183,0.45971383,-1.15731512,-1.35485971,-0.40060505,-1.38189887,1,1,0,0,0,0,0,0,1,0,0,0,0,0,0,0,0,0,0,0,0,0,0,1,0,0,0,0,0,0,0
TCGA-A7-A56D,Alive,,448.0,1.84739871,0.99458292,-1.83646609,-2.14701131,-1.36293882,-0.87030592,-3.02097783,-1.9793757,-3.06554336,-0.13718169,-0.6616694,-1.24277897,-0.56754156,-2.58662368,1,1,0,0,0,0,0,0,1,0,0,0,0,0,0,0,0,0,0,1,0,0,0,0,0,0,0,0,0,0,0
TCGA-A7-A5ZV,Alive,,368.0,0.14553628,1.38379062,-2.56544271,-0.27485609,-0.83868302,-0.0279269,-0.63866543,-0.943577,-0.95729213,-2.0307601,-1.28630431,1.55104888,-0.94507404,0.1225052,1,1,0,0,0,0,1,0,0,0,0,0,0,0,0,0,0,0,0,1,0,0,0,0,0,0,0,0,0,0,0
TCGA-A7-A5ZW,Alive,,326.0,-1.03861006,-0.82821896,0.61361673,-0.90382797,-0.85476479,0.17692976,-0.23048917,0.99687543,0.67350417,0.27344456,1.23829469,0.19789046,0.92937534,0.67905409,1,1,0,0,0,0,0,0,1,0,0,0,0,0,0,0,0,0,0,0,0,0,0,1,0,0,0,0,0,0,0
TCGA-A7-A5ZX,Alive,,,-0.99487061,-0.56369855,-0.12105122,-1.04392387,-1.39854174,0.58972301,-0.05233712,0.65036717,0.37440687,0.01166208,0.63527235,0.63505224,0.14347595,0.171477,1,1,0,0,0,0,0,0,0,0,0,0,0,0,1,0,0,0,0,0,0,0,0,0,0,0,0,0,0,0,0
TCGA-A7-A6VV,Alive,,313.0,-0.78492122,-0.06426484,-0.44011267,0.1987724,0.44638019,-0.3327832,-0.05615721,-1.54570675,-0.90626492,-1.90119813,-1.07164386,0.94513855,-0.04090197,0.89074199,1,1,0,0,0,0,0,0,1,0,0,0,0,0,0,0,0,0,0,1,0,0,0,0,0,0,1,0,0,0,0
TCGA-A7-A6VW,Alive,,285.0,-1.03622427,0.25964116,0.77220669,-1.37837035,-0.33715472,-0.90818512,-1.51473363,-1.79055329,-1.61893007,-1.38907585,-1.29583768,0.47506832,-0.3409194,-0.03701241,1,1,0,0,0,0,0,0,1,0,0,0,0,0,0,0,0,0,0,1,1,0,0,0,0,0,0,0,0,0,0
TCGA-A7-A6VX,Alive,,317.0,0.6028124,0.97085782,-0.21922529,0.11855823,-0.9587794,-0.05008129,1.07784643,0.28164283,-1.72010738,0.73657966,-1.00506732,-0.42175717,0.73952579,-0.9180348,1,1,0,0,0,0,0,0,1,0,0,0,0,0,0,0,0,0,0,1,0,0,0,1,0,0,0,0,1,0,0
TCGA-A7-A6VY,Alive,,266.0,-1.01395691,0.69927723,-1.71317531,-2.46633944,-0.13298502,-1.609637,-1.74086551,-1.30528884,-2.28284042,-1.89245346,-1.26050965,0.73986357,1.00038195,0.21176474,1,1,0,0,0,0,0,0,1,0,0,0,0,0,0,0,0,0,0,1,0,0,0,0,0,0,0,0,0,0,0
TCGA-A8-A06O,Alive,,396.0,-0.03101207,0.29025866,-0.22295638,1.53954749,0.3472354,-0.08083532,-0.38634072,-1.53260327,-0.28991514,0.82708488,0.98851241,-0.64480847,-0.04900458,0.88210353,1,1,0,0,0,0,0,0,1,0,0,0,0,0,0,0,0,0,0,1,0,0,0,0,1,0,0,0,0,0,0
TCGA-A8-A06P,Alive,,396.0,0.15507943,-0.40813024,0.79326407,-0.73485713,-0.88442649,-0.17121548,-0.12705949,-0.01361525,0.1729186,0.23190442,1.41921913,-0.17377387,-0.72358762,-0.5598111,1,1,0,0,0,0,0,0,1,0,0,0,0,0,0,0,0,0,0,0,0,0,0,1,0,0,0,0,0,0,0
TCGA-A8-A06Q,Alive,,31.0,0.18848047,1.60866152,0.23500539,0.2753519,1.24521612,-0.39793961,-0.71325911,-1.0220256,0.70588884,0.33609061,0.77133571,-1.47287479,-1.26054435,-0.92311933,1,1,0,0,0,0,0,0,1,0,0,0,0,0,0,0,0,0,0,1,0,0,0,1,0,0,0,0,0,0,0
TCGA-A8-A06R,Alive,,547.0,0.69188183,0.19564962,-1.90817182,-0.89165094,0.77890474,-1.29474582,-0.78200528,0.11614584,0.17816764,0.61241763,-1.06251745,-0.51983789,0.18471025,-1.84191728,1,1,0,0,0,0,0,0,1,0,0,0,0,0,0,0,0,0,0,0,0,0,0,1,1,0,0,0,0,0,0
TCGA-A8-A06T,Alive,,,0.10497787,-0.56369855,0.40251261,0.87131902,-0.58399906,0.48221743,0.39128351,1.07198286,-0.99197911,1.16210782,1.45241501,-0.85163712,0.61067446,-0.50322767,1,1,0,0,0,0,0,0,0,0,0,0,0,0,0,0,0,1,0,0,0,0,0,0,0,0,0,0,0,0,0
TCGA-A8-A06U,Dead,883,,0.10497787,0.17903626,-2.1593224,0.17837867,-0.27336215,0.24596669,1.23205452,-0.73832469,-0.3287858,0.77715815,0.05232278,-0.88677149,0.01367489,-0.33637323,1,1,0,0,0,0,0,0,0,0,0,0,0,0,0,0,0,1,0,1,0,0,0,1,0,0,0,0,0,0,0
TCGA-A8-A06X,Dead,943,943.0,1.31536788,1.5118114,-0.48670871,-0.12668193,0.53209348,0.03790805,0.58981799,0.74107608,-0.00818928,1.00906247,-1.16775854,-1.39581119,0.90882127,0.42289622,1,1,0,0,0,0,0,0,1,0,0,0,0,0,0,0,0,0,0,0,1,0,1,0,0,0,0,0,0,0,0
TCGA-A8-A06Y,Alive,,791.0,0.46682246,-0.46767555,0.96695106,-0.66763241,-1.23595929,0.0965102,-0.06588224,-0.47819317,-0.02367134,1.16160777,-0.81956785,-0.84700981,-1.7543012,0.75597795,1,1,0,0,0,0,0,0,1,0,0,0,0,0,0,0,0,0,0,0,0,0,0,0,0,0,0,0,0,0,0
TCGA-A8-A06Z,Alive,,31.0,1.89113816,0.44460259,-2.46268732,0.88959809,-0.45001104,0.20105493,0.00397633,-0.16057368,0.0573792,0.70608078,0.49746443,-1.59864828,-1.31419867,-1.09506128,1,1,0,0,0,0,0,0,1,0,0,0,0,0,0,0,0,0,0,1,0,0,1,0,0,0,0,0,0,0,0
TCGA-A8-A075,Alive,,518.0,-1.50861039,0.49563794,-1.84810787,-0.30805334,1.25832614,-0.55399213,-0.12545298,0.26745139,0.39637097,-0.38304713,-0.89528185,-0.80853165,0.58009505,-0.0569164,1,1,0,0,0,0,0,0,1,0,0,0,0,0,0,0,0,0,0,1,0,0,0,1,0,0,0,0,0,0,0
TCGA-A8-A076,Alive,,1642.0,0.42069721,0.36318066,0.15759504,-0.22747314,0.29613785,1.87659829,-0.46088824,0.27708134,0.25648892,0.089989,-0.355172,-0.43517657,0.3740729,-0.84145013,1,1,0,0,0,0,0,0,1,0,0,0,0,0,0,0,0,0,0,0,0,0,0,0,0,0,0,0,0,0,0
TCGA-A8-A079,Alive,,274.0,0.65211869,0.47042407,-0.38395513,0.33939049,-0.30482305,-0.61571949,-0.52612987,-1.13871446,-1.17629381,1.02655766,0.60727579,-1.33609094,-1.30218686,0.25628128,1,1,0,0,0,0,0,0,1,0,0,0,0,0,0,0,0,0,0,1,0,0,0,0,0,0,0,0,0,0,0
TCGA-A8-A07B,Alive,,1308.0,0.69188183,0.32002557,-2.26702523,-0.42403558,-0.36623672,1.39332473,0.5566629,0.97265843,-0.20457291,0.23845547,0.07966771,-1.27700654,-0.727512,0.31118119,1,1,0,0,0,0,0,0,1,0,0,0,0,0,0,0,0,0,0,1,0,0,0,1,0,0,0,0,0,0,0
TCGA-A8-A07F,Alive,,577.0,0.31413199,-0.56369855,1.37065399,1.36553186,1.68074406,-0.01983314,0.96143388,1.57969339,1.23044716,0.6021049,2.77736054,0.05762711,0.40506989,0.36920092,1,1,0,0,0,0,0,0,1,0,0,0,0,0,0,0,0,0,0,0,0,0,0,0,0,0,0,0,0,0,0
TCGA-A8-A07G,Alive,,577.0,0.3546904,0.12759247,-1.12993406,-0.14478909,-0.46837206,0.4329967,2.15087019,0.26696363,0.68549953,0.99058521,0.27662791,-0.02151071,-0.74159217,-1.36800295,1,1,0,0,0,0,0,0,1,0,0,0,0,0,0,0,0,0,0,0,0,0,0,1,0,0,0,0,0,0,0
TCGA-A8-A07I,Alive,,426.0,0.64575659,-0.22246269,-0.00994187,0.25123436,0.97998966,2.57413502,0.38266821,0.8765767,0.21906781,0.73036617,-1.0318748,-0.12128135,1.23560614,-0.10373356,1,1,0,0,0,0,0,0,1,0,0,0,0,0,0,0,0,0,0,0,0,1,0,0,0,0,0,0,0,0,0
TCGA-A8-A07J,Alive,,365.0,-2.03189332,-0.40813024,0.52434795,-0.38352519,-0.72373931,0.11150027,1.05742357,1.14109398,0.91284789,0.12295262,0.61547943,-0.01304088,-0.35513694,-1.51591019,1,1,0,0,0,0,0,0,1,0,0,0,0,0,0,0,0,0,0,0,0,0,0,1,0,0,0,0,0,0,0
TCGA-A8-A07L,Alive,,975.0,-0.18926937,0.63560267,1.31044061,-2.54888041,0.93450258,0.05522345,0.20843197,0.13965154,0.22938594,1.47142385,0.13686669,-0.23828036,-1.03968797,0.05653303,1,1,0,0,0,0,0,0,1,0,0,0,0,0,0,0,0,0,0,0,0,0,0,0,0,0,0,0,0,0,0
TCGA-A8-A07O,Alive,,304.0,-0.74674861,-0.17483086,-1.44500866,1.35187009,0.2671666,-0.85881886,0.65184862,0.02357728,0.06838423,-1.11128641,-1.07938197,0.51045409,-0.53166201,2.62159734,1,1,0,0,0,0,0,0,1,0,0,0,0,0,0,0,0,0,0,1,0,0,0,0,0,0,0,0,0,0,0
TCGA-A8-A07P,Alive,,334.0,0.57259241,0.03595206,-0.44940653,0.23276238,-1.37419677,1.2334297,0.13452692,0.49527666,0.27638921,1.10094159,0.30531155,-0.99381992,-0.44406739,-0.10192713,1,1,0,0,0,0,0,0,1,0,0,0,0,0,0,0,0,0,0,0,0,0,0,0,0,0,0,0,0,0,0
TCGA-A8-A07R,Alive,,273.0,1.51338832,1.56822126,0.91726106,0.92114732,-0.92436924,-0.29332614,1.42411793,-1.25324548,-2.45007049,-2.05744794,-1.28599446,1.0755396,-0.34609792,0.68850712,1,1,0,0,0,0,0,0,1,0,0,0,0,0,0,0,0,0,0,1,0,0,0,0,0,0,0,0,0,0,0
TCGA-A8-A07U,Alive,,760.0,0.45966509,0.22812301,-0.94430755,-0.09644725,0.8877724,-0.54637095,-0.3270145,-0.84724377,-0.92737952,-1.2807853,-1.09188666,1.05894787,2.84552877,0.22458952,1,1,0,0,0,0,0,0,1,0,0,0,0,0,0,0,0,0,0,1,0,0,0,0,0,0,0,0,0,0,0
TCGA-A8-A07W,Alive,,304.0,1.22868424,0.98673278,0.40090484,2.1070539,1.0716238,-0.03780532,0.71596453,0.01906622,0.41001025,1.2209268,0.89264868,-0.98468202,-0.31226013,-0.78259739,1,1,0,0,0,0,0,0,1,0,0,0,0,0,0,0,0,0,0,1,0,0,0,0,0,0,0,0,0,0,0
TCGA-A8-A07Z,Alive,,1371.0,1.97066445,-0.96519751,0.30472035,-0.06939048,-0.31288519,-0.01676872,-1.05922609,-0.28988789,0.11685612,0.73544645,1.01370903,-1.30570218,0.22985221,-1.22610379,1,1,0,0,0,0,0,0,1,0,0,0,0,0,0,0,0,0,0,0,0,0,0,1,0,0,0,0,0,0,0
TCGA-A8-A081,Alive,,0.0,1.5801904,0.83460599,0.45540735,2.24190155,1.65552542,0.71150424,1.10202114,-0.1898712,0.97930614,0.97758654,-1.22722565,-0.62183584,1.28231243,-2.20523385,1,1,0,0,0,0,0,0,1,0,0,0,0,0,0,0,0,0,0,1,0,0,0,1,0,0,0,0,0,0,0
TCGA-A8-A082,Alive,,549.0,-0.20915094,-0.7861924,0.34801353,1.48442822,1.41258173,-0.29549378,-0.28218438,-0.370888,0.67047902,0.48392937,0.81577572,-0.82437359,-0.89987548,-0.05943985,1,1,0,0,0,0,0,0,1,0,0,0,0,0,0,0,0,0,0,0,0,0,0,0,0,0,0,0,0,0,0
TCGA-A8-A083,Alive,,0.0,0.53282927,-0.53072549,0.68364907,-0.14106756,-0.17366181,0.37380815,-0.35336315,0.53908333,0.38902736,1.39431429,0.63975576,-1.68093578,0.60131647,-1.39670568,1,1,0,0,0,0,0,0,1,0,0,0,0,0,0,0,0,0,0,0,0,0,0,0,0,0,0,0,0,0,0
TCGA-A8-A085,Alive,,1124.0,-1.28911785,0.37718792,-0.18578536,1.24668404,-1.38531722,0.14054005,-0.18423522,0.62288564,-1.12405987,0.80473923,-1.22499808,-1.02168542,-1.93710768,0.60609003,1,1,0,0,0,0,0,0,1,0,0,0,0,0,0,0,0,0,0,0,0,1,0,0,0,0,0,0,0,0,0
TCGA-A8-A08B,Alive,,1156.0,-0.693466,-0.17483086,-2.52668839,0.28684409,1.12395831,2.31356281,-0.27322692,-0.27167948,0.58133865,0.02179579,-0.60425743,-1.21913667,1.14884719,0.31394715,1,1,0,0,0,0,0,0,1,0,0,0,0,0,0,0,0,0,0,0,0,1,0,1,0,0,0,0,0,0,0
TCGA-A8-A08C,Alive,,881.0,0.37377671,-0.70678276,1.33127894,-0.24690862,-0.3782461,0.12077414,1.23767263,0.44332102,0.6160901,1.21514975,-0.87182573,-1.11784898,-0.58014988,0.74842124,1,1,0,0,0,0,0,0,1,0,0,0,0,0,0,0,0,0,0,0,0,0,0,0,0,0,0,0,0,0,0
TCGA-A8-A08F,Alive,,1004.0,-0.14314413,0.98673278,-0.18800506,-1.53930313,1.89608267,-0.07950264,-0.17931086,-0.76615159,-0.8981179,0.86323616,-0.33927645,-0.65043763,1.44272879,0.13846111,1,1,0,0,0,0,0,0,1,0,0,0,0,0,0,0,0,0,0,0,0,0,0,0,0,0,0,0,0,0,0
TCGA-A8-A08G,Alive,,607.0,-1.59449877,-0.19838213,-0.51667946,0.98424473,1.21198375,0.2175819,-0.19831086,0.4872133,0.88343375,0.84779761,0.17700264,-1.07224671,0.06825905,-0.19392896,1,1,0,0,0,0,0,0,1,0,0,0,0,0,0,0,0,0,0,0,0,0,0,0,0,0,0,0,0,0,0
TCGA-A8-A08H,Alive,,0.0,0.40002038,0.47042407,-0.17013576,0.50891709,1.06634416,-1.13651451,0.52660545,0.67946264,1.36654165,-0.26652438,-0.02685181,0.77491278,0.39941232,0.57145477,1,1,0,0,0,0,0,0,1,0,0,0,0,0,0,0,0,0,0,0,0,0,0,0,0,0,0,0,0,0,0
TCGA-A8-A08J,Dead,1127,1127.0,-0.66006496,-0.46767555,-0.38778721,-0.04131573,-0.02654315,2.43402562,-0.54592932,0.20536432,0.92328733,-0.21152217,-0.15940415,-0.76992862,0.2048408,-1.69978896,1,1,0,0,0,0,0,0,0,0,0,0,0,0,0,0,0,0,1,0,0,0,0,0,0,0,0,0,0,0,0
TCGA-A8-A08L,Dead,30,30.0,2.29592694,1.55439475,-1.52109665,0.59596166,-0.65509424,0.35710612,0.40172466,0.01593047,-1.72896008,-0.3351047,-1.28609772,1.28702955,0.41320937,-2.04858759,1,1,0,0,0,0,0,0,1,0,0,0,0,0,0,0,0,0,0,0,0,1,0,1,0,0,0,0,0,0,0
TCGA-A8-A08O,Alive,,,-1.0569011,-0.66918101,0.22122632,1.06206818,0.72363981,0.53235173,1.22595646,1.26570501,0.76879125,0.3344859,0.99394751,0.49501965,0.6352651,0.50633869,1,1,0,0,0,0,0,0,0,0,0,0,0,0,0,0,0,1,0,0,0,0,0,1,0,0,0,0,0,0,0
TCGA-A8-A08P,Alive,,943.0,0.71812551,0.29025866,-1.58458297,0.90737781,0.10511978,0.35152452,0.76327211,0.19680525,0.38028091,0.307168,-0.14807051,-0.8022487,1.82063565,-0.37440281,1,1,0,0,0,0,0,0,1,0,0,0,0,0,0,0,0,0,0,1,0,0,0,1,0,0,0,0,0,0,0
TCGA-A8-A08R,Alive,,30.0,-0.65290759,1.66868344,-1.2027551,1.54647151,1.52631264,0.21763843,1.2045824,-0.43048718,0.22643292,-1.89152943,-1.12901118,0.78759182,1.63418622,1.26794555,1,1,0,0,0,0,0,0,1,0,0,0,0,0,0,0,0,0,0,1,0,0,0,1,0,0,0,0,0,0,0
TCGA-A8-A08S,Alive,,,0.10497787,-0.04345759,0.35018452,0.55404036,0.63740661,1.58900806,0.08248429,0.74792732,0.19319162,0.86358782,0.21589276,-1.05926368,0.14384101,-1.20120106,1,1,0,0,0,0,0,0,0,0,0,0,0,0,0,0,0,1,0,0,0,0,0,0,0,0,0,0,0,0,0
TCGA-A8-A08T,Dead,3409,3409.0,0.27436885,-0.12922654,1.12506432,-0.29405619,-0.4407386,0.07529908,0.29893412,0.40940792,0.39554423,0.78283787,-0.11605523,-0.54153908,-0.6232531,1.07983444,1,1,0,0,0,0,0,0,1,0,0,0,0,0,0,0,0,0,0,0,0,0,0,1,0,0,0,0,0,0,0
TCGA-A8-A08X,Alive,,1308.0,-1.43544621,-0.56369855,0.3981547,-0.65418777,0.58244564,2.14501433,-1.09040628,-1.54876502,-0.39539283,-1.7503833,-1.1236877,0.4971289,-0.44037788,0.01506266,1,1,0,0,0,0,0,0,1,0,0,0,0,0,0,0,0,0,0,1,0,0,0,0,0,0,0,0,0,0,0
TCGA-A8-A08Z,Alive,,1217.0,1.2422037,-0.37955415,0.60946164,0.50615541,0.70697294,-0.02001195,0.91696798,1.18640804,1.11684871,0.27075718,1.32118559,-0.10167242,1.49784446,0.29858983,1,1,0,0,0,0,0,0,1,0,0,0,0,0,0,0,0,0,0,0,0,0,1,1,0,0,0,0,0,0,0
TCGA-A8-A090,Alive,,0.0,1.0497501,-0.37955415,-0.54995977,2.12876922,0.81639785,0.6203419,1.47722417,1.1753553,0.55309978,1.12736945,1.28082141,-0.39455016,0.3902582,0.35320742,1,1,0,0,0,0,0,0,1,0,0,0,0,0,0,0,0,0,0,0,0,0,0,0,0,0,0,0,0,0,0
TCGA-A8-A091,Alive,,,0.10815892,-0.96519751,-0.07164364,0.33688907,0.74507579,0.13272037,0.53345852,0.02901617,0.61973257,0.87652609,-1.09327712,-0.57427554,-1.26169679,-0.89254607,1,1,0,0,0,0,0,0,0,0,0,0,0,0,0,0,0,1,0,0,0,0,0,0,0,0,0,0,0,0,0
TCGA-A8-A092,Alive,,942.0,-0.97817009,0.47042407,0.84928906,2.70072951,0.91174637,0.48878435,0.31193119,0.54824687,0.31776607,0.09387501,1.01434106,-0.98500572,-0.45317108,1.1786229,1,1,0,0,0,0,0,0,1,0,0,0,0,0,0,0,0,0,0,1,0,0,0,1,0,0,0,0,0,0,0
TCGA-A8-A093,Alive,,,0.10497787,0.78821173,-0.13658209,0.57402189,-0.31434929,0.4085795,0.5031166,0.03985156,0.58500459,1.02138264,1.27319034,-0.26288712,0.08827741,-0.23420043,1,1,0,0,0,0,0,0,0,0,0,0,0,0,0,0,0,1,0,0,0,0,0,1,0,0,0,0,0,0,0
TCGA-A8-A094,Alive,,0.0,1.18255899,1.44715133,-2.14118731,-0.33873975,1.18204619,-0.52806688,-0.91295666,-0.51736587,0.61313126,-0.61508552,-0.52345243,-0.76081344,1.53783729,-2.47079821,1,1,0,0,0,0,0,0,1,0,0,0,0,0,0,0,0,0,0,1,0,0,0,0,0,0,0,0,0,0,0
TCGA-A8-A095,Alive,,1277.0,-1.20959157,1.14739962,1.33331728,2.09622662,1.43318432,-0.20675624,1.02493042,1.38745082,-0.66369156,0.85201838,1.24316423,-0.19981701,-0.7844721,-0.56243011,1,1,0,0,0,0,0,0,1,0,0,0,0,0,0,0,0,0,0,0,0,0,0,1,0,1,0,0,0,0,0
TCGA-A8-A096,Alive,,0.0,0.96306645,-0.53072549,0.78411048,0.77445753,0.80302145,-0.09779025,0.28530785,1.27638936,1.29423517,0.80875185,-0.30505926,-0.64324105,1.97070965,0.07934723,1,1,0,0,0,0,0,0,1,0,0,0,0,0,0,0,0,0,0,0,0,0,0,1,0,0,0,0,0,0,0
TCGA-A8-A097,Alive,,365.0,0.31413199,0.70953128,-0.86000758,1.45899021,0.03810021,1.27611845,0.07181447,0.04119606,0.51858156,0.6300473,0.70131882,-0.13446465,-0.22432475,-0.7665445,1,1,0,0,0,0,0,0,1,0,0,0,0,0,0,0,0,0,0,1,0,0,0,0,0,0,0,0,0,0,0
TCGA-A8-A099,Alive,,304.0,1.25492791,-0.59771854,0.38564885,0.6958051,0.08492961,0.46337609,-0.80225195,1.51461357,0.64710493,1.27379609,1.15670038,-1.12085927,-0.06071649,-1.8419279,1,1,0,0,0,0,0,0,1,0,0,0,0,0,0,0,0,0,0,0,0,0,0,0,0,0,0,0,0,0,0
TCGA-A8-A09A,Alive,,304.0,-1.61438034,1.5118114,-0.36644624,0.31190684,-1.24047259,0.75792846,1.12744863,0.63720363,0.55699184,0.53466243,-0.32708774,0.49391254,-0.06326594,-0.58532192,1,1,0,0,0,0,0,0,1,0,0,0,0,0,0,0,0,0,0,0,0,0,0,0,0,0,0,0,0,0,0
TCGA-A8-A09B,Alive,,365.0,-0.1693878,-0.19838213,0.72878771,0.643162,-0.54986171,0.17393282,0.17456857,0.00312719,-0.47970946,0.97862628,1.92345908,-0.62923686,-0.04301557,0.01531193,1,1,0,0,0,0,0,0,1,0,0,0,0,0,0,0,0,0,0,0,0,0,0,1,0,0,0,0,0,0,0
TCGA-A8-A09C,Alive,,31.0,0.66563816,-0.63285415,0.95489064,-0.59597524,0.08578897,-0.49702195,1.358009,0.34142795,0.73585017,0.88018273,1.3169985,-0.86860521,-1.58006656,0.79408598,1,1,0,0,0,0,0,0,1,0,0,0,0,0,0,0,0,0,0,0,0,0,0,1,0,0,0,0,0,0,0
TCGA-A8-A09D,Alive,,1522.0,-1.05769637,-0.08548414,0.73325129,-0.96394415,0.01655853,-0.55164001,-0.11362772,0.19201523,0.42589175,-0.15300265,-0.87711214,0.17867699,-0.58403939,-0.46746661,1,1,0,0,0,0,0,0,1,0,0,0,0,0,0,0,0,0,0,0,0,0,0,1,0,0,0,0,0,0,0
TCGA-A8-A09E,Alive,,1492.0,0.96386172,-0.04345759,0.61134142,1.25157216,0.76836656,0.57594036,-0.71054151,-1.71511705,0.91270356,0.90741639,1.03529684,-1.24113093,-0.66891935,-0.10729952,1,1,0,0,0,0,0,0,1,0,0,0,0,0,0,0,0,0,0,0,0,0,0,0,1,0,0,0,0,0,0
TCGA-A8-A09G,Alive,,0.0,1.46010572,1.7832479,0.29155865,2.61037027,0.26773199,1.65897244,-0.12658976,1.0862646,0.13280427,-1.04590094,-1.22264093,-0.81724653,0.5405424,-2.16012154,1,1,0,0,0,0,0,0,1,0,0,0,0,0,0,0,0,0,0,0,0,0,0,0,0,0,0,0,0,0,0
TCGA-A8-A09I,Alive,,,0.10497787,1.02542073,0.45373931,0.49578754,1.94206137,2.95413957,-0.30605445,0.27921412,0.86331521,0.25530581,-1.20789272,-0.99927608,1.39450838,-0.82709551,1,1,0,0,0,0,0,0,0,0,0,0,0,0,0,0,0,1,0,0,0,0,0,0,0,0,0,0,0,0,0
TCGA-A8-A09K,Alive,,,0.10497787,-0.17483086,-0.11086129,-0.11700573,-0.09371376,-0.01030189,1.08143384,-1.04879463,-0.51658275,1.228609,-0.42290619,-1.10147121,0.38229579,0.41003472,1,1,0,0,0,0,0,0,0,0,0,0,0,0,0,0,0,1,0,0,0,0,0,0,0,0,0,0,0,0,0
TCGA-A8-A09M,Alive,,1006.0,1.12291428,1.02542073,-0.37603414,0.15429045,-0.9994566,-0.19401869,-0.34934277,-2.21811555,-0.53327171,0.71828045,0.26091051,-1.44328995,0.46995286,-0.18043812,1,1,0,0,0,0,0,0,1,0,0,0,0,0,0,0,0,0,0,0,0,0,0,0,0,0,0,0,0,0,0
TCGA-A8-A09N,Alive,,31.0,-0.28231512,0.41814347,0.98827427,0.48204087,0.43751056,-0.28530066,-0.252326,1.03428503,0.49274394,0.9020007,0.31208294,-0.80198487,-0.42569813,-0.56307544,1,1,0,0,0,0,0,0,1,0,0,0,0,0,0,0,0,0,0,1,0,0,0,0,0,0,0,0,0,0,0
TCGA-A8-A09Q,Alive,,761.0,1.79173031,1.13374924,-1.37188161,0.17950528,-0.54352686,-0.71331757,0.52584662,-0.13287012,-0.01585736,0.90946976,1.03728232,-0.82814373,0.4245406,0.90499979,1,1,0,0,0,0,0,0,1,0,0,0,0,0,0,0,0,0,0,1,0,0,0,1,0,0,0,0,0,0,0
TCGA-A8-A09T,Alive,,579.0,0.61235555,-1.06732616,0.74360006,0.70058022,0.70586137,-0.0371863,0.45111862,1.45513138,1.1586479,0.64541746,1.76938425,-0.82277669,-0.29659894,-1.21854,1,1,0,0,0,0,0,0,0,0,0,0,0,0,1,0,0,0,0,0,0,0,0,0,0,0,0,0,0,0,0
TCGA-A8-A09V,Alive,,457.0,-0.79923595,-0.63285415,0.81137959,0.95399976,0.01601446,0.06599392,0.98642515,0.98029505,0.38432778,0.60208071,1.67763978,-0.40216716,-0.30339482,-0.66159858,1,1,0,0,0,0,0,0,0,0,0,0,0,0,1,0,0,0,0,0,0,0,0,0,0,0,0,0,0,0,0
TCGA-A8-A09W,Alive,,30.0,0.73164497,0.48310517,1.28215947,0.51584867,-1.34746491,-0.12381026,-0.31612902,0.13475109,-1.09914759,0.55905564,-1.11099243,-0.98742244,-1.07813009,-0.91551513,1,1,0,0,0,0,0,0,0,0,0,0,0,0,1,0,0,0,0,0,0,0,0,0,0,1,0,0,0,0,0
TCGA-A8-A09X,Dead,426,426.0,0.12167839,0.14501627,0.30978469,-0.30626796,0.29158966,-0.31740805,-0.8621936,-1.34410337,-0.05158289,-1.73027009,-1.17950921,-0.35340904,0.7471882,0.17298258,1,1,0,0,0,0,0,0,0,0,0,0,0,0,1,0,0,0,0,1,0,0,0,0,0,0,0,0,0,0,0
TCGA-A8-A09Z,Alive,,0.0,1.80524978,3.47046382,0.69008096,-0.59530784,-0.1484222,0.37271439,0.46458,-1.15247706,0.50642256,0.55566758,-1.31128451,-0.74079477,2.01704531,0.40181834,1,1,0,0,0,0,0,0,0,0,0,0,0,0,1,0,0,0,0,0,0,0,0,0,1,0,0,0,0,0,0
TCGA-A8-A0A1,Alive,,365.0,1.83865082,-0.1517861,0.34162593,0.92523792,1.00697844,-0.09514658,0.52458129,0.74456633,0.74432404,1.05188677,0.36106894,-0.15222691,2.31794395,-0.97871494,1,1,0,0,0,0,0,0,0,0,0,0,0,0,1,0,0,0,0,0,0,0,0,1,0,0,0,0,0,0,0
TCGA-A8-A0A2,Alive,,579.0,0.45330299,-0.24709688,-0.7488842,-0.38920413,-0.80066374,-0.08231079,-0.10023321,-1.94282808,0.21700792,0.94493465,1.02117382,-0.75226652,-0.40752213,0.16705188,1,1,0,0,0,0,0,0,0,0,0,0,0,0,1,0,0,0,0,0,0,0,0,0,0,0,0,0,0,0,0
TCGA-A8-A0A4,Alive,,396.0,0.95670435,-0.91756567,-0.13726582,0.90489477,0.65428284,0.27619219,0.2817146,0.62699427,0.62839065,0.50072117,0.74966137,1.43219968,0.17638414,-0.58775337,1,1,0,0,0,0,0,0,0,0,0,0,0,0,1,0,0,0,0,0,0,0,0,0,0,0,0,0,0,0,0
TCGA-A8-A0A6,Alive,,640.0,0.24096782,-0.53072549,-0.52718094,-0.65641102,-0.55263968,0.23572748,0.27552865,0.76495123,0.96543741,0.0472155,-0.00054157,0.30431704,1.10627796,-1.58283788,1,1,0,0,0,0,0,0,0,0,0,0,0,0,1,0,0,0,0,0,0,0,1,1,0,0,0,0,0,0,0
TCGA-A8-A0A7,Alive,,30.0,-0.29583459,1.55439475,-0.58000021,-1.23850521,-0.60904545,1.45621736,-0.67373073,-0.53144544,0.40042583,-1.09118474,-0.74859442,0.00072698,1.24670772,-2.25017011,1,1,0,0,0,0,0,0,0,0,0,0,0,0,1,0,0,0,0,0,0,1,0,1,0,0,0,0,0,0,0
TCGA-A8-A0A9,Alive,,822.0,1.539632,0.05491786,0.80761824,0.52365704,-0.00837653,0.3651894,0.36540801,0.21697645,0.43186757,0.96965787,0.97387909,-0.67479129,1.05217885,0.51176106,1,1,0,0,0,0,0,0,1,0,0,0,0,0,0,0,0,0,0,0,0,0,0,1,0,0,0,0,0,0,0
TCGA-A8-A0AB,Alive,,518.0,-0.54077554,-0.66918101,1.04152685,1.87104691,0.34477055,0.7218998,1.46787665,0.13823222,-0.04046329,1.18519376,0.92164697,-0.32168175,-1.96905231,0.69142862,1,1,0,0,0,0,0,0,0,0,0,0,0,0,1,0,0,0,0,0,0,0,1,0,0,0,0,0,0,0,0
TCGA-A8-A0AD,Alive,,1157.0,1.76548664,-0.40813024,-0.47777772,0.35212961,-0.43824008,0.41363849,0.05826415,0.62227091,0.73838572,1.03231347,1.25383649,-0.74350853,-0.59419328,-1.21160565,1,1,0,0,0,0,0,1,0,0,0,0,0,0,0,0,0,0,0,0,0,0,0,0,0,0,0,0,0,0,0
TCGA-AC-A23C,Alive,,585.0,0.09861577,0.8790746,-1.61037585,-0.24693094,1.12381805,1.47560082,-0.15639126,-0.75865145,1.29218945,0.99464577,-0.42345088,-0.34122675,0.1586699,-2.14073416,1,1,0,0,0,0,0,0,1,0,0,0,0,0,0,0,0,0,0,1,0,0,0,1,1,0,0,0,0,0,0
TCGA-AC-A23E,Alive,,698.0,-0.82707015,-0.96519751,0.33075738,-0.03466198,-0.18119924,-0.11516879,0.60495614,1.0099306,1.03898303,0.12354066,1.18743051,0.0339498,-0.36638001,-0.54215989,1,1,0,0,0,0,0,0,1,0,0,0,0,0,0,0,0,0,0,0,0,0,0,1,0,0,0,0,0,0,0
TCGA-AC-A23G,Alive,,2248.0,1.22709371,-0.49873685,0.62507108,-0.69732713,-1.0359061,-0.13927855,-0.3257901,0.28744748,-0.00646338,0.10624713,0.91971318,0.62930543,0.08193306,1.02721546,1,1,0,0,0,0,0,0,0,0,0,0,0,0,1,0,0,0,0,0,0,0,0,1,0,0,0,0,0,0,0
TCGA-AC-A23H,Dead,0,0.0,2.30228904,4.8629794,0.01693289,-1.04042379,-1.4672046,-1.03562383,0.46048173,0.97921344,0.21930129,-0.08340202,-0.20295114,1.6953181,0.12615697,0.1800711,1,1,0,0,0,0,0,0,1,0,0,0,0,0,0,0,0,0,0,0,0,1,0,1,0,1,1,0,1,0,0
TCGA-AC-A2B8,Alive,,,2.03746652,0.67846998,0.61176174,-0.71878856,-0.06824035,-0.06670263,0.73348965,1.02428064,0.86279148,0.22864778,1.59365818,0.23423375,0.24482481,0.30099063,1,1,0,0,0,0,0,0,0,0,0,0,0,0,0,0,0,1,0,0,0,0,0,1,0,0,0,0,0,0,0
TCGA-AC-A2BK,Alive,,2222.0,1.37739838,0.4046648,1.40442669,0.81212834,0.53482611,-1.25757869,1.61828891,0.23097998,-2.27265217,-2.0649454,-1.28228956,1.50151666,-0.49402892,0.79548633,1,1,0,0,0,0,0,0,1,0,0,0,0,0,0,0,0,0,0,1,0,0,0,0,0,0,0,0,0,0,0
TCGA-AC-A2BM,Alive,,3022.0,-1.54280669,-1.44951757,-0.42694918,1.21807298,0.90319106,-0.72709754,0.86701147,0.56458187,0.4785849,0.20833335,0.92692528,-0.87005328,0.22320621,-0.15817608,1,1,0,0,0,0,0,0,1,0,0,0,0,0,0,0,0,0,0,0,0,0,0,0,0,0,0,0,0,0,0
TCGA-AC-A2FB,Alive,,1234.0,0.33798988,-1.61469616,-0.00468917,-1.13149701,-1.61918583,-0.69254681,0.30287998,0.60944684,0.22768018,-0.19383977,0.37125188,1.66645008,0.17071519,0.79581705,1,1,0,0,0,0,0,0,0,0,0,0,0,0,1,0,0,0,0,0,0,0,0,0,0,0,0,0,0,0,0
TCGA-AC-A2FF,Alive,,2759.0,0.10497787,-1.81006098,1.08040509,-0.21370682,-0.29760709,-0.13045103,0.00451025,0.36072002,0.47939981,-0.55845361,0.51985628,1.63448534,0.02856661,0.87142668,1,1,0,0,0,0,0,0,0,0,0,0,0,0,1,0,0,0,0,0,0,0,0,1,1,0,0,0,0,0,0
TCGA-AC-A2FG,Alive,,1853.0,1.5054357,-0.37955415,0.64084541,-0.51798538,-0.46894268,0.21423325,-0.11677456,0.64317824,0.362395,0.99994251,-0.21008707,0.86966139,-0.22409891,0.2788826,1,1,0,0,0,0,0,0,0,0,0,0,0,0,1,0,0,0,0,0,0,0,0,0,0,0,0,0,0,0,0
TCGA-AC-A2FK,Alive,,2650.0,-1.23503998,-4.27737262,0.67443718,-0.92230466,-0.78748143,0.45675613,1.16977768,1.3260846,0.85983031,-0.59610986,1.10204081,1.6028784,0.4956319,0.85293306,1,1,0,0,0,0,0,0,0,0,0,0,0,0,1,0,0,0,0,0,0,0,0,0,0,0,0,0,0,0,0
TCGA-AC-A2FO,Alive,,2255.0,0.3546904,-0.7861924,0.05523144,-0.61652322,-0.77713293,0.50215964,0.32261744,0.66903869,0.57563615,0.8216942,-0.5024688,0.40601929,0.51838002,0.75587391,1,1,0,0,0,0,0,0,0,0,0,0,0,0,1,0,0,0,0,0,0,0,0,1,0,0,0,0,0,0,0
TCGA-AC-A2QH,Alive,,1005.0,-0.17654516,-0.56369855,0.77636477,-0.20757576,0.92440072,-2.69917489,0.3771636,-0.8932451,-1.36721149,-1.71921357,-1.31269037,5.0431029,-0.85556891,0.17243088,1,1,0,0,0,0,0,0,0,0,0,0,0,0,0,1,0,0,0,1,0,0,0,0,0,0,0,0,0,0,0
TCGA-AC-A3OD,Alive,,451.0,0.62905607,-1.12228897,-3.37262844,-1.12004059,-0.32315703,-1.76474337,0.17768933,-0.78298872,-0.76393377,0.69619642,0.81847008,0.232186,-0.91099753,-1.62294005,1,1,0,0,0,0,0,0,0,0,0,0,0,0,1,0,0,0,0,1,0,0,0,1,0,0,0,0,0,0,0
TCGA-AC-A3QQ,Alive,,734.0,-0.56065711,-1.30643336,-1.52092929,0.31509037,0.07641108,0.59998771,-0.86416532,-1.40155952,-1.0174192,0.22705046,0.13017674,-0.0722426,-0.14642561,-1.39174865,1,1,0,0,0,0,0,0,0,0,0,0,0,0,1,0,0,0,0,0,0,0,0,0,0,0,0,0,0,0,0
TCGA-AC-A3W7,Alive,,471.0,0.44137405,0.25964116,0.22038742,-1.04898498,-0.48390174,0.20547388,-0.60399427,-0.08772461,0.25973777,0.63998492,0.10539633,0.3378651,-0.35503949,-0.53425342,1,1,0,0,0,0,0,0,0,0,0,0,0,0,1,0,0,0,0,0,0,0,0,1,0,0,0,0,0,0,0
TCGA-AC-A3YI,Alive,,707.0,1.05452168,-1.30643336,0.32645543,-1.41928262,-1.10677584,0.38470638,-0.86342571,-0.45122485,-0.59844823,-0.53442753,-0.59009153,0.78136447,2.07666014,1.25655557,1,1,0,0,0,0,0,0,0,0,0,0,0,0,1,0,0,0,0,0,0,0,0,0,0,0,0,0,0,0,0
TCGA-AC-A4ZE,Alive,,890.0,0.21472414,-0.06426484,-1.19687762,0.39748331,-0.35639475,0.29923632,0.1666173,0.53023374,0.20239148,0.91518717,0.89052003,-0.59410228,-0.77910803,1.06479249,1,1,0,0,0,0,0,0,0,0,0,0,0,0,1,0,0,0,0,0,0,0,0,0,0,0,0,0,0,0,0
TCGA-AC-A5EH,Alive,,511.0,1.23345581,1.12685829,0.52151637,-0.73963043,0.10644265,-0.05891972,-0.47434071,0.22382306,0.65505386,-1.00500976,-1.14384615,-0.97087277,-0.13673739,-0.43048491,1,1,0,0,0,0,0,0,1,0,0,0,0,0,0,0,0,0,0,1,1,0,0,1,0,0,0,0,0,0,0
TCGA-AC-A5XS,Alive,,588.0,1.05849799,2.3753789,0.72350726,-0.64498152,-0.26043957,-0.36796336,-1.47364203,-0.2041684,0.10456135,0.16501772,-0.24733931,-0.78945904,-0.03069561,0.14602272,1,1,0,0,0,0,0,0,0,0,0,0,0,0,1,0,0,0,0,0,0,0,0,1,0,0,0,0,0,0,0
TCGA-AC-A5XU,Alive,,455.0,1.0648601,0.17903626,1.5426255,-0.04041388,-0.28037376,-0.37986469,-1.05323855,-0.91555424,0.39108221,0.68025086,0.8350031,-0.98512345,-0.95835615,1.22091215,1,1,0,0,0,0,0,0,1,0,0,0,0,0,0,0,0,0,0,1,0,0,0,0,0,0,0,0,0,0,0
TCGA-AC-A62V,Dead,348,348.0,-0.19801726,0.39101443,-0.57628194,-0.47374971,-1.03031903,-0.39891236,-2.70043509,-1.305004,-1.81519448,0.28251819,-1.13723084,-1.57168537,-2.15050126,-0.85706457,1,1,0,0,0,0,0,0,1,0,0,0,0,0,0,0,0,0,0,0,0,0,0,0,0,0,0,0,0,0,0
TCGA-AC-A62X,Alive,,417.0,0.94238962,0.01664451,0.948447,0.12974298,-0.22844628,-0.34669897,0.11139313,0.22256944,-2.25440598,-1.90565682,-1.28946416,-0.8279462,2.95690164,0.57038507,1,1,0,0,0,0,0,0,1,0,0,0,0,0,0,0,0,0,0,1,0,0,0,0,0,0,0,0,0,0,0
TCGA-AC-A62Y,Alive,,530.0,1.43227152,0.19564962,-0.65644138,-1.03428967,-1.11912172,-0.60625088,-0.99962276,-1.39199957,0.21334912,0.97020776,1.29722116,-1.11348838,-0.31568567,0.40708365,1,1,0,0,0,0,0,0,0,0,0,0,0,0,1,0,0,0,0,0,0,0,0,0,1,0,0,0,0,0,0
TCGA-AC-A6IV,Alive,,568.0,-1.04020059,-1.06732616,0.38632232,-0.32240911,0.5873991,-0.10198573,-0.10600163,0.27237084,0.12467786,0.08248337,0.27868435,0.3785557,0.3112868,0.43919375,1,1,0,0,0,0,0,0,0,0,1,0,0,0,0,0,0,0,0,0,0,0,0,0,0,0,0,0,0,0,0
TCGA-AC-A6IW,Alive,,413.0,1.00123907,1.09172269,1.70029505,-0.28575337,-0.3706336,-1.24296329,-0.75840151,-1.3035121,0.50217289,-1.69931621,-1.22245647,0.5720348,1.27041144,2.30026438,1,1,0,0,0,0,0,0,1,0,0,0,0,0,0,0,0,0,0,1,0,0,0,0,0,0,0,0,0,0,0
TCGA-AC-A6IX,Alive,,373.0,-0.94238326,-0.04345759,-0.11084342,-1.05447065,-0.32103955,-0.2182756,-0.27349216,0.33004835,0.47588469,0.24663422,-0.71800032,0.14624643,0.07958579,-0.82330608,1,1,0,0,0,0,0,0,0,0,0,0,0,0,1,0,0,0,0,0,0,0,0,0,0,0,0,0,0,0,0
TCGA-AC-A6NO,Alive,,51.0,-1.37262044,-0.63285415,1.12537954,0.64318748,0.17329571,0.4152417,-0.82826438,-0.36363626,0.23324112,0.26513851,1.05428282,-0.45335062,0.13934545,0.12213463,1,1,0,0,0,0,0,0,1,0,0,0,0,0,0,0,0,0,0,0,0,0,0,1,0,0,0,0,0,0,0
TCGA-AC-A7VB,Alive,,250.0,-0.76026807,-0.7861924,0.75447887,1.64094851,0.4569077,1.2687445,-0.43137769,-0.14416073,-0.59808175,0.97557294,-1.17267405,-1.22577847,-0.1174375,0.51246321,1,1,0,0,0,0,0,0,1,0,0,0,0,0,0,0,0,0,0,0,0,0,0,0,0,0,0,0,0,0,0
TCGA-AC-A7VC,Alive,,1.0,-0.3960377,-1.12228897,0.85500919,-0.23001107,-0.6502871,-1.77666152,-1.27005055,-1.28844801,-1.6629917,-1.93043253,-1.04661624,2.21154891,-1.64760501,1.17027799,1,1,0,0,0,0,0,0,0,0,0,0,0,0,0,1,0,0,0,1,0,0,0,0,0,1,0,0,0,0,0
TCGA-AC-A8OP,Alive,,614.0,0.9256891,1.11992273,-0.44572949,-0.54622494,-0.93303574,0.36028138,-0.51579364,0.43853744,-0.73603841,0.85431185,-0.91214469,-0.05265352,-0.6832939,0.91935072,1,1,0,0,0,0,0,0,1,0,0,0,0,0,0,0,0,0,0,0,0,0,0,0,0,0,0,0,0,0,0
TCGA-AC-A8OQ,Alive,,34.0,0.92250805,0.57948828,-1.48475566,0.13011269,0.42952132,-0.74747035,-0.98639441,-1.82070925,-0.79886603,-1.76240474,-1.186991,-0.33620059,-0.15860192,-0.13879252,1,1,0,0,0,0,0,0,1,0,0,0,0,0,0,0,0,0,0,1,0,0,0,0,0,0,0,0,0,0,0
TCGA-AC-A8OR,Alive,,40.0,1.15552006,-0.63285415,0.9195048,-0.5916699,-1.16893783,-0.46841809,-0.72838511,0.30386996,0.17008417,0.85541397,0.9741648,-0.92320682,-1.00719177,1.61755908,1,1,0,0,0,0,0,0,0,0,0,0,0,0,0,0,1,0,0,0,0,0,0,0,0,0,0,0,0,0,0
TCGA-AC-A8OS,Alive,,70.0,0.85968229,-0.08548414,-0.7718077,-1.32654192,-0.43063926,-0.55539217,-0.80334645,-0.35368626,0.03596744,0.92039443,-0.44787412,0.34746947,0.00495478,-0.87918065,1,1,0,0,0,0,0,0,0,0,0,0,0,0,1,0,0,0,0,0,0,0,0,1,0,0,0,0,0,0,0
TCGA-AN-A03X,Alive,,10.0,1.05929326,-0.46767555,-0.45402141,-0.955654,-0.7867351,-0.0436156,-0.19971855,0.31489531,-0.36752978,0.62000481,0.80599183,-0.17280089,-1.61497005,0.49626024,1,1,0,0,0,0,0,0,1,0,0,0,0,0,0,0,0,0,0,0,0,0,0,1,0,0,0,0,0,0,0
TCGA-AN-A03Y,Alive,,10.0,0.42069721,-0.32459135,0.80299387,0.19600528,-0.32834278,-0.66304522,-1.2015438,-1.37884465,-0.03997861,0.65314665,1.19433823,-1.32957496,-1.22567872,1.31168093,1,1,0,0,0,0,0,0,1,0,0,0,0,0,0,0,0,0,0,0,0,0,0,1,0,0,0,0,0,0,0
