patient_id,age_at_diagnosis_years,tumor_stage,tumor_grade,primary_diagnosis,vital_status,days_to_death,days_to_last_follow_up,total_mutation_count,TP53_tpm,TP53_mutated,BRCA1_tpm,BRCA1_mutated,BRCA2_tpm,BRCA2_mutated,ERBB2_tpm,ERBB2_mutated,PIK3CA_tpm,PIK3CA_mutated,PTEN_tpm,PTEN_mutated,RB1_tpm,RB1_mutated,ESR1_tpm,ESR1_mutated,PGR_tpm,PGR_mutated,EGFR_tpm,EGFR_mutated,CD274_tpm,CD274_mutated,MYC_tpm,MYC_mutated,cohort_type,er_status,pr_status,her2_status
TCGA-A1-A0SK,54.89,,,Large cell neuroendocrine carcinoma,Dead,967,967.0,70,243.3907,1,27.3871,1,18.3924,0,6.7185,0,6.9364,0,28.5547,0,3.6346,0,0.1778,0,0.1246,0,15.1706,0,0.825,0,202.8019,0,confirmed_tnbc,negative,negative,negative
TCGA-A1-A0SO,67.97,,,"Infiltrating duct carcinoma, NOS",Alive,,852.0,309,148.2631,1,30.0903,1,18.2352,0,187.6777,0,16.0537,0,23.9021,0,6.5123,0,0.239,0,0.162,0,22.6876,0,0.7985,0,128.1626,0,confirmed_tnbc,negative,negative,negative
TCGA-A1-A0SP,,,,Not Reported,Alive,,,52,12.453,1,13.7064,0,4.7627,0,51.0204,0,6.8524,0,8.4354,0,11.0229,0,1.8308,0,0.385,0,32.931,0,3.0006,0,151.4028,0,confirmed_tnbc,negative,negative,negative
TCGA-A2-A04Q,48.35,,,"Infiltrating duct carcinoma, NOS",Alive,,2385.0,47,18.4262,0,4.4651,0,1.4874,0,35.8567,0,3.5601,0,11.6175,0,18.0778,0,1.1941,0,1.0048,0,17.1173,0,15.6985,0,53.7344,0,confirmed_tnbc,negative,negative,negative
TCGA-A2-A04T,62.17,,,"Infiltrating duct carcinoma, NOS",Alive,,2246.0,108,116.6966,1,0.5837,0,12.6287,0,74.48,0,9.1708,1,17.209,0,7.2721,0,0.3771,0,0.1709,0,10.5647,1,5.8383,0,82.6283,0,confirmed_tnbc,negative,negative,negative
TCGA-A2-A0CM,40.98,,,"Infiltrating duct carcinoma, NOS",Dead,754,754.0,57,117.1707,1,9.8941,0,6.0055,0,42.1815,0,11.1642,0,50.4941,0,16.9938,0,2.2302,0,0.1958,0,12.0192,0,22.9971,0,293.1128,0,confirmed_tnbc,negative,negative,negative
TCGA-A2-A0D0,60.55,,,"Infiltrating duct carcinoma, NOS",Alive,,2048.0,86,10.1837,1,8.9451,0,4.6649,0,38.3901,0,6.5876,0,27.0307,0,19.3025,0,0.2008,0,0.0305,0,14.5729,0,2.8235,0,110.649,0,confirmed_tnbc,negative,negative,negative
TCGA-A2-A0D2,45.51,,,"Infiltrating duct carcinoma, NOS",Alive,,1027.0,92,22.7333,1,1.8627,0,2.7533,0,61.5892,0,7.2961,0,9.764,0,17.2001,0,0.8011,0,0.7704,0,9.0028,0,2.5034,0,93.3213,0,confirmed_tnbc,negative,negative,negative
TCGA-A2-A0ST,62.76,,,"Infiltrating duct carcinoma, NOS",Alive,,3017.0,18,72.7414,0,4.8758,0,3.5764,0,52.7256,0,6.3203,0,36.2418,0,16.732,0,12.1726,0,1.4611,0,16.0894,0,16.8268,0,107.3893,0,confirmed_tnbc,negative,negative,negative
TCGA-A2-A0SX,48.66,,,"Infiltrating duct carcinoma, NOS",Alive,,1534.0,30,137.9108,1,9.5194,0,8.6674,0,69.7373,0,14.3594,0,49.6028,0,19.7853,0,4.4623,0,0.6498,0,24.1077,0,8.7503,0,99.3467,0,confirmed_tnbc,negative,negative,negative
TCGA-A2-A0T0,59.07,,,"Infiltrating duct carcinoma, NOS",Alive,,533.0,187,85.6124,0,9.0823,0,1.2714,1,54.4828,0,6.6775,0,12.4151,0,31.4706,0,1.1251,0,0.2308,0,12.9275,0,2.5909,0,306.833,0,confirmed_tnbc,negative,negative,negative
TCGA-A2-A0T2,66.35,,,"Infiltrating duct carcinoma, NOS",Dead,255,255.0,30,44.7952,1,1.8229,0,0.9005,0,40.535,0,4.512,0,5.7862,0,11.107,0,0.4292,0,0.1279,0,15.2392,0,1.2982,0,18.293,0,confirmed_tnbc,negative,negative,negative
TCGA-A2-A0YE,48.53,,,"Infiltrating duct carcinoma, NOS",Alive,,554.0,35,7.8408,1,12.4126,0,7.0596,0,111.8765,0,8.7347,0,4.862,0,8.7629,1,0.2322,0,0.2935,0,135.3511,0,1.8107,0,22.049,0,confirmed_tnbc,negative,negative,negative
TCGA-A2-A0YM,67.98,,,"Infiltrating duct carcinoma, NOS",Alive,,965.0,82,68.8145,1,7.7576,0,9.0464,0,88.0419,0,17.0808,0,34.0846,0,13.7865,0,0.7866,0,0.1965,0,27.7387,0,6.2654,0,273.6583,0,confirmed_tnbc,negative,negative,negative
TCGA-A2-A1G6,50.69,,,"Infiltrating duct carcinoma, NOS",Alive,,501.0,7,68.458,0,4.5548,0,0.9053,0,109.1138,0,10.4532,0,74.7376,0,57.4077,0,91.0786,0,85.5622,0,68.4149,0,4.885,0,100.2542,0,confirmed_tnbc,negative,negative,negative
TCGA-A7-A0CE,57.12,,,"Infiltrating duct carcinoma, NOS",Alive,,1074.0,107,88.8956,1,17.6155,0,0.2085,0,128.8926,0,8.9884,0,25.5041,0,9.6318,0,11.2478,0,1.5889,0,37.1266,0,3.042,0,96.8507,0,confirmed_tnbc,negative,negative,negative
TCGA-A7-A0DA,62.17,,,"Infiltrating duct carcinoma, NOS",Alive,,1085.0,161,73.4445,1,4.8805,0,2.537,0,83.2342,0,8.8184,0,39.0556,0,37.919,0,0.5582,0,0.4497,0,37.9903,0,2.7708,0,97.3722,0,confirmed_tnbc,negative,negative,negative
TCGA-A7-A26F,55.33,,,"Metaplastic carcinoma, NOS",Alive,,738.0,38,39.2295,1,6.182,0,7.9983,0,32.4939,0,4.59,0,25.2146,1,25.3427,0,3.848,0,0.4699,0,107.1722,0,10.2698,0,27.6819,0,confirmed_tnbc,negative,negative,negative
TCGA-A7-A26G,50.27,,,"Metaplastic carcinoma, NOS",Alive,,722.0,56,69.5959,1,6.1516,0,4.2953,0,17.1879,0,14.586,0,40.2754,1,63.7566,0,1.2921,0,2.0639,0,27.6493,0,4.7935,0,56.4387,0,confirmed_tnbc,negative,negative,negative
TCGA-A7-A26I,,,,"Basal cell carcinoma, NOS",Alive,,,33,21.8987,1,7.1883,0,9.8742,0,34.4533,0,8.2875,0,47.1186,0,13.11,0,1.1196,0,0.4298,0,7.0805,0,2.1609,0,14.6197,0,confirmed_tnbc,negative,negative,negative
TCGA-A7-A4SE,54.98,,,"Infiltrating duct carcinoma, NOS",Alive,,644.0,96,216.3937,1,3.9172,0,6.9214,0,70.5572,0,10.5478,0,31.1992,0,14.0897,0,1.7385,0,0.8732,0,28.8304,0,3.7947,0,200.7152,0,confirmed_tnbc,negative,negative,negative
TCGA-A7-A5ZV,62.88,,,"Carcinoma, NOS",Alive,,368.0,196,6.8107,1,5.9861,0,1.5484,0,133.831,0,5.5878,0,20.7665,0,16.1455,0,0.3105,0,0.0877,0,50.872,0,1.5201,0,59.2269,0,confirmed_tnbc,negative,negative,negative
TCGA-A7-A6VV,51.18,,,"Infiltrating duct carcinoma, NOS",Alive,,313.0,50,32.0101,1,8.4152,0,3.921,0,96.0833,0,7.7141,0,15.3071,0,16.6808,0,0.6659,1,0.5938,0,25.3286,0,3.2531,0,117.2603,0,confirmed_tnbc,negative,negative,negative
TCGA-A7-A6VW,48.02,,,"Infiltrating duct carcinoma, NOS",Alive,,285.0,68,74.1107,1,2.4857,1,2.2946,0,51.2286,0,3.3255,0,13.5004,0,10.5087,0,3.301,0,0.0694,0,14.5578,0,2.5751,0,51.353,0,confirmed_tnbc,negative,negative,negative
TCGA-A7-A6VY,48.3,,,"Infiltrating duct carcinoma, NOS",Alive,,266.0,103,12.922,1,0.7563,0,2.6577,0,23.5297,0,2.8804,0,17.3,0,6.7145,0,0.6931,0,0.1388,0,19.9244,0,6.7707,0,64.1387,0,confirmed_tnbc,negative,negative,negative
TCGA-A8-A07O,51.66,,,"Infiltrating duct carcinoma, NOS",Alive,,304.0,45,15.6987,1,18.4689,0,3.4895,0,54.0817,0,11.2427,0,33.6121,0,30.8074,0,6.1946,0,0.572,0,15.1863,0,2.2014,0,539.8589,0,confirmed_tnbc,negative,negative,negative
TCGA-A8-A08R,52.84,,,"Infiltrating duct carcinoma, NOS",Alive,,30.0,256,18.6803,1,21.0084,0,7.555,0,174.6678,0,14.9643,1,26.8391,0,33.9851,0,0.696,0,0.4391,0,21.0725,0,10.2146,0,163.7121,0,confirmed_tnbc,negative,negative,negative
TCGA-A8-A09X,62.58,,,"Lobular carcinoma, NOS",Dead,426,426.0,61,53.8919,1,5.8492,0,3.546,0,97.7049,0,4.9173,0,16.9625,0,28.5895,0,1.2863,0,0.3154,0,5.1555,0,5.7114,0,61.9572,0,confirmed_tnbc,negative,negative,negative
TCGA-AC-A2BK,78.37,,,"Infiltrating duct carcinoma, NOS",Alive,,2222.0,78,114.32,1,12.8566,0,4.149,0,34.8446,0,18.4728,0,37.2319,0,6.762,0,0.2301,0,0.0955,0,48.0747,0,2.2719,0,107.7685,0,confirmed_tnbc,negative,negative,negative
TCGA-AC-A2QH,58.83,,,"Metaplastic carcinoma, NOS",Alive,,1005.0,31,74.3228,1,6.2886,0,5.2858,0,6.5838,0,9.7298,0,21.2983,0,12.3934,0,1.3336,0,0.0378,0,2582.8084,0,1.6541,0,61.9267,0,confirmed_tnbc,negative,negative,negative
TCGA-AC-A6IW,73.64,,,"Infiltrating duct carcinoma, NOS",Alive,,413.0,149,139.9433,1,5.9383,0,2.2386,0,35.4135,0,5.2197,0,17.3156,0,40.3079,0,1.4212,0,0.2186,0,16.3412,0,8.0853,0,406.8586,0,confirmed_tnbc,negative,negative,negative
TCGA-AC-A7VC,56.07,,,"Metaplastic carcinoma, NOS",Alive,,1.0,18,78.4491,1,6.1863,0,1.8065,0,19.4899,0,3.8648,0,17.4484,0,10.2072,1,0.5781,0,0.6664,0,107.6355,0,0.6781,0,150.1714,0,confirmed_tnbc,negative,negative,negative
TCGA-AN-A04D,58.66,,,"Infiltrating duct carcinoma, NOS",Alive,,52.0,104,60.0744,0,11.6557,0,0.0586,0,63.8607,0,5.7019,0,2.3123,0,2.1605,0,0.225,0,0.0721,0,10.2961,0,0.9561,0,17.0103,0,confirmed_tnbc,negative,negative,negative
TCGA-AN-A0AL,41.85,,,"Infiltrating duct carcinoma, NOS",Alive,,227.0,89,61.8065,1,5.3344,0,3.7408,0,38.6533,0,6.8302,0,30.1247,0,30.8622,0,0.8617,0,0.6503,0,21.6114,0,2.2126,0,32.6279,0,confirmed_tnbc,negative,negative,negative
TCGA-AN-A0AR,55.17,,,"Infiltrating duct carcinoma, NOS",Alive,,10.0,123,10.4645,1,3.4918,0,7.2225,0,31.5772,0,4.095,0,8.0969,0,17.2644,0,1.0221,0,0.0361,0,4.9926,0,0.4812,0,122.758,0,confirmed_tnbc,negative,negative,negative
TCGA-AN-A0AT,62.42,,,"Infiltrating duct carcinoma, NOS",Alive,,10.0,126,14.1374,0,1.0327,0,16.7075,1,31.384,0,9.4859,0,4.8301,0,24.0228,0,0.3127,0,0.0445,0,11.4331,0,3.1231,0,195.6917,0,confirmed_tnbc,negative,negative,negative
TCGA-AN-A0G0,56.14,,,"Infiltrating duct carcinoma, NOS",Alive,,16.0,34,15.3857,1,18.5066,0,8.8635,0,117.635,0,7.0932,0,42.9498,0,30.1671,0,0.1223,0,0.14,0,52.8388,0,2.0164,0,61.4637,0,confirmed_tnbc,negative,negative,negative
TCGA-AN-A0XU,54.9,,,"Infiltrating duct carcinoma, NOS",Alive,,10.0,129,43.6354,1,0.7763,1,12.5157,0,104.6099,0,8.7941,0,29.3989,0,11.0273,0,9.9871,0,0.0714,0,43.3698,0,6.4334,0,82.6551,0,confirmed_tnbc,negative,negative,negative
TCGA-AQ-A04J,45.49,,,"Infiltrating duct carcinoma, NOS",Alive,,819.0,67,87.0467,1,1.8661,0,7.0679,0,47.7474,0,6.6932,0,17.4153,0,17.6631,0,2.3102,0,0.9125,0,21.7936,0,2.7975,0,86.0556,0,confirmed_tnbc,negative,negative,negative
TCGA-AQ-A54N,,,,Not Reported,Alive,,,64,20.8525,1,2.6553,0,1.2797,0,33.6399,0,4.2189,0,107.3164,0,5.7748,0,0.1174,0,0.0122,0,9.5074,0,0.5884,0,89.9403,0,confirmed_tnbc,negative,negative,negative
TCGA-AR-A0TS,46.93,,,"Infiltrating duct carcinoma, NOS",Alive,,2558.0,85,28.4523,1,3.293,0,11.9379,0,174.9028,0,19.5104,0,36.5992,0,23.8348,0,1.2237,0,0.6065,0,32.1297,0,4.6507,0,39.5519,0,confirmed_tnbc,negative,negative,negative
TCGA-AR-A0TU,35.7,,,"Infiltrating duct carcinoma, NOS",Alive,,709.0,83,153.3332,0,0.9496,0,6.3078,0,28.3786,0,4.8753,0,47.1803,0,5.1299,0,4.7964,0,0.0558,0,12.2465,0,7.6499,0,240.9381,0,confirmed_tnbc,negative,negative,negative
TCGA-AR-A1AI,48.78,,,Not Reported,Alive,,,74,85.3239,1,12.9541,0,6.134,1,71.2737,0,9.9057,0,5.7838,0,12.1653,0,7.3055,0,0.0642,0,14.635,0,8.3534,0,106.4498,0,confirmed_tnbc,negative,negative,negative
TCGA-AR-A1AQ,49.58,,,"Infiltrating duct carcinoma, NOS",Alive,,3021.0,38,21.6154,1,6.5358,0,3.5324,0,51.7513,0,4.3042,0,25.1852,0,10.5077,1,1.4278,0,0.0671,0,5.5225,0,7.6358,0,65.8363,0,confirmed_tnbc,negative,negative,negative
TCGA-AR-A1AR,50.6,,,"Infiltrating duct carcinoma, NOS",Dead,524,524.0,53,25.875,1,18.1616,0,11.578,0,29.8932,0,17.3187,0,39.0173,0,40.8126,0,11.9769,0,0.2854,0,44.7949,0,7.6274,0,158.4165,0,confirmed_tnbc,negative,negative,negative
TCGA-AR-A1AY,65.51,,,"Infiltrating duct carcinoma, NOS",Alive,,1026.0,57,15.1429,0,17.6549,0,5.5014,0,74.9577,0,13.7842,0,7.9849,0,8.4646,0,3.3748,0,1.082,0,29.5379,0,3.1107,0,139.4159,0,confirmed_tnbc,negative,negative,negative
TCGA-AR-A256,50.05,,,"Infiltrating duct carcinoma, NOS",Dead,2854,,196,18.3469,1,12.4033,0,9.9526,0,37.5762,0,12.3574,0,57.0939,0,57.641,0,0.5641,0,0.173,0,29.1328,0,3.6974,0,449.0505,0,confirmed_tnbc,negative,negative,negative
TCGA-AR-A2LH,56.73,,,Not Reported,Dead,616,,58,52.8239,1,5.8362,0,2.6818,0,115.8817,0,5.0378,0,33.4683,0,22.9122,0,16.9839,0,3.7086,0,11.4871,0,5.4273,0,90.5629,0,confirmed_tnbc,negative,negative,negative
TCGA-AR-A2LR,,,,"Infiltrating duct carcinoma, NOS",Alive,,,62,15.3488,1,14.4248,0,8.9902,0,88.64,0,8.7549,0,17.2094,0,18.3231,0,1.0508,0,0.7984,0,30.926,1,1.6151,0,182.668,0,confirmed_tnbc,negative,negative,negative
TCGA-AR-A5QQ,68.84,,,"Metaplastic carcinoma, NOS",Dead,322,,69,10.004,1,12.6008,0,2.3647,0,26.0755,0,2.6785,1,18.0491,1,22.8225,0,1.8601,0,1.2107,0,32.3511,0,38.9543,0,73.6077,0,confirmed_tnbc,negative,negative,negative
TCGA-B6-A409,45.54,,,"Infiltrating duct carcinoma, NOS",Dead,573,,40,11.3413,1,2.6358,0,1.2804,0,53.3979,0,2.9306,0,14.4922,0,11.7285,0,1.5197,0,0.9365,0,11.4378,0,1.0583,0,83.327,0,confirmed_tnbc,negative,negative,negative
TCGA-BH-A0AV,52.88,,,"Infiltrating duct carcinoma, NOS",Alive,,1820.0,72,134.9768,1,1.3469,0,5.9217,0,64.927,0,10.0958,0,46.4944,0,14.9045,0,0.5408,0,0.4555,0,51.6193,0,2.6661,0,75.3158,0,confirmed_tnbc,negative,negative,negative
TCGA-BH-A0B3,53.33,,,"Infiltrating duct carcinoma, NOS",Alive,,1203.0,41,87.6652,1,8.1296,0,2.9607,0,59.8637,0,6.794,0,10.3452,0,6.9993,0,1.577,0,3.374,0,28.4453,0,8.5977,0,47.4044,0,confirmed_tnbc,negative,negative,negative
TCGA-BH-A0B9,44.65,,,"Infiltrating duct carcinoma, NOS",Alive,,1572.0,40,136.2612,1,7.2269,0,3.4339,0,26.6345,0,7.1433,0,39.0869,0,7.1557,0,0.462,0,0.0759,0,14.3528,0,4.5934,0,238.2722,0,confirmed_tnbc,negative,negative,negative
TCGA-BH-A0BL,35.16,,,"Infiltrating duct carcinoma, NOS",Alive,,2278.0,57,92.2172,1,9.2977,0,6.8944,0,68.523,0,15.016,0,28.4345,0,27.4997,0,2.7397,0,1.7165,0,33.934,0,9.9762,0,57.4487,0,confirmed_tnbc,negative,negative,negative
TCGA-BH-A0BW,71.11,,,"Infiltrating duct carcinoma, NOS",Alive,,2371.0,89,69.7819,1,8.5895,0,3.6741,0,66.4634,0,11.0843,0,47.3214,0,40.5005,1,22.4361,0,2.7501,0,37.7652,0,9.556,0,185.4052,0,confirmed_tnbc,negative,negative,negative
TCGA-BH-A0E0,38.81,,,"Infiltrating duct carcinoma, NOS",Alive,,134.0,39,66.4213,1,4.7514,0,0.8776,0,49.8259,0,4.1302,0,27.5603,0,5.4207,0,3.6998,0,0.2433,0,40.712,0,1.8827,0,35.6386,0,confirmed_tnbc,negative,negative,negative
TCGA-BH-A0RX,59.84,,,"Infiltrating duct carcinoma, NOS",Alive,,170.0,40,23.806,1,4.7406,0,1.4243,0,38.0415,0,3.9832,0,24.6397,0,20.5701,0,8.326,0,2.3087,0,5.326,0,5.5694,0,76.7194,0,confirmed_tnbc,negative,negative,negative
TCGA-BH-A0WA,82.2,,,"Metaplastic carcinoma, NOS",Alive,,701.0,105,114.3712,1,3.5536,1,8.8785,0,81.49,0,15.4032,0,16.6505,0,16.707,0,0.7212,0,0.4301,0,84.1971,0,6.6314,0,82.2345,0,confirmed_tnbc,negative,negative,negative
TCGA-BH-A18G,81.64,,,"Infiltrating duct carcinoma, NOS",Alive,,149.0,1528,73.2042,0,1.6473,0,0.8838,0,20.6101,0,4.4167,0,27.9226,0,19.265,0,0.4148,0,0.1093,0,6.0545,0,0.7463,0,104.545,0,confirmed_tnbc,negative,negative,negative
TCGA-BH-A18V,48.41,,,"Infiltrating duct carcinoma, NOS",Dead,1556,1556.0,234,59.6844,1,1.7982,0,0.4287,0,87.4055,0,3.5048,0,30.8047,0,15.4494,0,18.0729,0,12.5647,0,23.9241,0,1.4502,0,151.3095,0,confirmed_tnbc,negative,negative,negative
TCGA-BH-A1EW,38.58,,,"Infiltrating duct carcinoma, NOS",Dead,1694,1694.0,13,62.0155,0,17.8551,0,8.2126,0,170.0055,0,27.225,0,53.3497,0,30.0372,0,123.2935,0,80.1812,0,8.6617,0,6.7444,0,81.0329,0,confirmed_tnbc,negative,negative,negative
TCGA-BH-A1F6,51.17,,,"Infiltrating duct carcinoma, NOS",Dead,2965,2965.0,42,36.7408,1,3.8517,0,1.6195,0,30.0212,0,16.4177,0,67.0997,0,54.5231,0,38.8897,0,20.6762,0,74.1442,0,4.4411,0,77.5668,0,confirmed_tnbc,negative,negative,negative
TCGA-BH-A1FC,78.59,,,"Medullary carcinoma, NOS",Dead,3472,3472.0,101,11.8122,1,9.9528,0,4.2365,0,23.0627,0,6.3088,0,19.8394,0,7.0011,0,0.7106,0,0.1318,0,13.9985,0,4.7576,0,403.6755,0,confirmed_tnbc,negative,negative,negative
TCGA-BH-A42U,80.3,,,"Lobular carcinoma, NOS",Alive,,3364.0,15,59.2203,0,1.7779,0,0.6293,0,116.5553,0,2.9937,0,25.1291,0,14.5572,0,29.307,0,6.1036,0,15.6729,0,2.7901,0,204.5415,0,confirmed_tnbc,negative,negative,negative
TCGA-C8-A12V,55.7,,,"Infiltrating duct carcinoma, NOS",Alive,,385.0,42,66.3547,0,2.7262,0,3.7286,0,24.5216,0,6.0321,0,18.1643,1,38.4312,0,2.0805,0,0.3629,0,30.6377,0,27.791,0,87.8566,0,confirmed_tnbc,negative,negative,negative
TCGA-C8-A131,82.04,,,"Infiltrating duct carcinoma, NOS",Alive,,411.0,64,74.4072,1,6.0562,0,4.571,0,48.1679,0,3.4291,1,23.1132,0,36.6728,0,0.7617,0,0.3067,0,23.0833,0,2.1647,0,23.5672,0,confirmed_tnbc,negative,negative,negative
TCGA-C8-A1HJ,53.74,,,"Infiltrating duct carcinoma, NOS",Alive,,5.0,114,9.8264,1,7.2076,0,10.771,0,5.213,0,7.083,0,26.8829,0,20.1662,0,0.4475,0,0.1987,0,7.1742,0,2.6028,0,102.5906,0,confirmed_tnbc,negative,negative,negative
TCGA-C8-A26X,58.76,,,"Infiltrating duct carcinoma, NOS",Alive,,376.0,69,25.4751,1,2.2055,0,0.871,0,107.1332,0,24.6352,1,20.8215,0,13.1688,0,0.7962,0,0.2547,0,16.0535,0,4.392,0,18.0631,0,confirmed_tnbc,negative,negative,negative
TCGA-C8-A26Y,90.0,,,"Infiltrating duct carcinoma, NOS",Alive,,0.0,753,64.1883,0,13.211,0,2.9554,0,68.1164,0,6.4861,0,13.0966,1,7.3461,0,0.3562,0,0.1739,0,97.3135,0,6.0906,0,3.5363,0,confirmed_tnbc,negative,negative,negative
TCGA-C8-A27B,48.63,,,"Infiltrating duct carcinoma, NOS",Alive,,439.0,154,154.0551,1,15.2463,0,8.997,0,18.4885,0,10.5401,0,35.3618,0,14.3977,0,2.8176,0,0.1109,0,40.114,0,26.0777,0,129.0624,0,confirmed_tnbc,negative,negative,negative
TCGA-D8-A13Z,51.86,,,"Infiltrating duct carcinoma, NOS",Alive,,635.0,89,118.9924,1,12.2774,0,6.5983,0,74.9572,0,9.1088,0,23.0005,1,17.1188,0,0.8408,0,0.7819,0,34.7823,0,7.1455,0,12.7956,0,confirmed_tnbc,negative,negative,negative
TCGA-D8-A142,74.78,,,"Infiltrating duct carcinoma, NOS",Alive,,425.0,132,74.4188,1,8.0298,0,2.6479,0,89.9208,0,6.1331,0,19.6129,0,29.5733,0,0.8963,0,1.0123,0,15.7537,0,2.5326,0,21.0562,0,confirmed_tnbc,negative,negative,negative
TCGA-D8-A143,51.98,,,"Infiltrating duct carcinoma, NOS",Alive,,431.0,52,16.799,1,21.5884,0,2.8616,0,63.6103,0,7.6162,1,40.7435,0,7.0606,1,0.2444,0,0.1644,0,3451.0673,0,2.9075,0,21.1083,0,confirmed_tnbc,negative,negative,negative
TCGA-D8-A147,45.82,,,"Infiltrating duct carcinoma, NOS",Alive,,584.0,163,141.2781,1,26.3661,0,5.352,0,98.6787,0,14.0749,0,80.1008,0,17.102,0,0.5466,0,0.3307,0,47.6778,0,6.3137,0,118.6485,1,confirmed_tnbc,negative,negative,negative
TCGA-D8-A1JF,79.94,,,"Infiltrating duct carcinoma, NOS",Alive,,366.0,49,51.6098,1,6.7535,0,5.4942,0,100.1798,0,8.8102,1,21.6994,0,69.1806,0,3.9615,0,0.3576,0,35.9012,1,1.6955,0,15.1497,0,confirmed_tnbc,negative,negative,negative
TCGA-D8-A1JG,62.64,,,"Infiltrating duct carcinoma, NOS",Alive,,1612.0,136,15.6922,1,6.8118,0,5.6694,0,307.2743,0,6.1146,1,27.1014,0,22.3889,0,1.1165,0,7.0973,0,54.0596,0,7.8611,0,7.0041,0,confirmed_tnbc,negative,negative,negative
TCGA-D8-A1JL,72.51,,,"Infiltrating duct carcinoma, NOS",Alive,,611.0,116,101.0732,1,1.9972,0,11.083,0,53.2025,0,18.7768,0,25.2151,0,34.3782,0,3.1416,0,0.6522,0,43.3876,0,19.6867,0,75.3937,0,confirmed_tnbc,negative,negative,negative
TCGA-D8-A1XK,55.01,,,"Infiltrating duct carcinoma, NOS",Alive,,441.0,1145,125.3145,1,7.4523,0,12.2216,0,50.9384,0,13.3095,0,22.0068,1,17.1857,0,0.3247,0,0.0493,0,38.2428,0,15.621,0,95.8051,0,confirmed_tnbc,negative,negative,negative
TCGA-D8-A1XQ,69.39,,,"Infiltrating duct carcinoma, NOS",Alive,,499.0,970,26.9976,1,4.6265,0,3.543,0,58.4996,0,18.7579,0,16.7525,0,49.9864,1,0.5566,0,0.2649,0,22.2694,0,13.2997,0,70.9984,0,confirmed_tnbc,negative,negative,negative
TCGA-D8-A27F,40.33,,,"Infiltrating duct carcinoma, NOS",Alive,,488.0,65,18.8724,1,0.997,0,9.0123,0,79.6931,0,12.3769,0,26.5034,0,11.4363,0,0.7575,0,0.4609,0,51.2791,1,2.1806,0,68.9529,0,confirmed_tnbc,negative,negative,negative
TCGA-D8-A27H,72.79,,,"Infiltrating duct carcinoma, NOS",Alive,,397.0,138,14.8424,0,0.8572,0,3.9251,0,85.3709,0,19.4047,0,49.9009,0,39.5485,0,0.6258,0,0.5471,0,31.5203,0,1.404,0,12.5288,0,confirmed_tnbc,negative,negative,negative
TCGA-D8-A27M,59.99,,,"Infiltrating duct carcinoma, NOS",Alive,,410.0,64,20.1355,1,3.2337,1,5.7059,0,45.2744,0,12.5494,0,34.3361,0,53.9509,0,3.1102,0,0.6998,0,61.8691,0,21.3474,0,73.1994,0,confirmed_tnbc,negative,negative,negative
TCGA-E2-A14N,37.63,,,"Infiltrating duct carcinoma, NOS",Alive,,1434.0,89,13.033,1,2.6163,0,8.346,0,15.5235,0,8.3429,0,5.5636,0,8.0328,0,0.3312,0,0.5382,0,11.9463,0,4.5322,0,270.9595,0,confirmed_tnbc,negative,negative,negative
TCGA-E2-A14R,62.11,,,"Infiltrating duct carcinoma, NOS",Alive,,1174.0,115,75.1409,1,0.3709,0,4.2886,0,49.9672,0,5.6372,0,13.535,0,5.6974,0,0.2248,0,0.0285,0,11.9252,0,7.6122,0,40.5657,0,confirmed_tnbc,negative,negative,negative
TCGA-E2-A14X,55.04,,,"Infiltrating duct carcinoma, NOS",Alive,,972.0,33,13.6907,1,6.1895,0,3.3954,0,52.1876,0,6.1179,0,17.7832,0,9.4725,0,2.5124,0,0.3226,0,8.1923,0,2.7077,0,90.4514,0,confirmed_tnbc,negative,negative,negative
TCGA-E2-A150,48.13,,,"Infiltrating duct carcinoma, NOS",Alive,,1935.0,80,12.6938,1,7.4732,0,3.6437,0,64.1387,0,18.6397,0,40.8974,0,45.3606,0,1.3553,0,0.3117,0,1641.9094,0,8.3776,0,70.2851,0,confirmed_tnbc,negative,negative,negative
TCGA-E2-A158,,,,Not Reported,Alive,,,88,66.7117,1,1.8274,0,2.7162,0,80.0934,0,10.7751,0,20.8541,0,5.4134,0,0.0675,0,0.0408,0,21.8984,0,4.4184,0,222.3417,0,confirmed_tnbc,negative,negative,negative
TCGA-E2-A159,50.98,,,"Infiltrating duct carcinoma, NOS",Alive,,762.0,157,54.0447,1,11.5341,0,3.5404,0,60.408,0,8.0466,0,13.6342,0,14.263,1,3.0902,0,0.2955,0,32.7282,0,9.5001,0,14.4743,0,confirmed_tnbc,negative,negative,negative
TCGA-E2-A1AZ,63.6,,,"Infiltrating duct carcinoma, NOS",Alive,,2329.0,56,107.5113,0,20.2105,0,10.6017,0,90.8141,0,11.1635,0,73.4727,0,42.8723,0,2.4568,0,1.6325,0,25.0735,0,12.9829,0,154.2684,0,confirmed_tnbc,negative,negative,negative
TCGA-E2-A1B6,44.82,,,"Infiltrating duct carcinoma, NOS",Alive,,867.0,38,46.0337,1,4.3364,0,3.7553,0,34.9069,0,5.2616,0,15.6874,0,17.6914,0,1.0036,0,1.751,0,9.1535,0,6.1295,0,33.575,0,confirmed_tnbc,negative,negative,negative
TCGA-E2-A1L7,40.67,,,"Infiltrating duct carcinoma, NOS",Alive,,1836.0,67,68.5841,1,5.4709,0,1.717,0,130.2072,0,10.3822,0,51.5051,0,42.1156,0,42.903,0,78.2627,0,47.1582,0,5.5557,0,243.0608,0,confirmed_tnbc,negative,negative,negative
TCGA-E2-A1LG,50.63,,,"Lobular carcinoma, NOS",Alive,,1523.0,163,74.0701,1,9.1292,0,12.2185,0,142.6494,0,7.8097,0,28.5818,0,3.9801,0,0.0818,0,0.0153,0,209.2427,0,4.0027,0,105.3478,0,confirmed_tnbc,negative,negative,negative
TCGA-E2-A1LH,59.21,,,"Infiltrating duct carcinoma, NOS",Alive,,3247.0,192,70.5803,1,4.3216,0,0.9159,0,204.4798,0,10.7818,0,46.364,0,38.2589,0,108.3564,0,16.4853,0,47.2071,0,5.0622,0,122.7072,0,confirmed_tnbc,negative,negative,negative
TCGA-E2-A1LK,84.63,,,"Infiltrating duct carcinoma, NOS",Dead,266,,47,10.3144,1,6.2911,0,1.5654,0,114.8955,0,5.651,0,2.3507,0,12.5149,0,1.3513,0,0.0239,0,21.6478,0,1.0699,0,116.9572,0,confirmed_tnbc,negative,negative,negative
TCGA-E2-A1LL,77.57,,,"Infiltrating duct carcinoma, NOS",Alive,,,41,16.3344,0,9.6782,0,3.6399,0,45.8373,0,8.3104,0,62.0001,0,38.4267,0,5.854,0,1.9698,0,102.9626,0,5.087,0,160.7129,0,confirmed_tnbc,negative,negative,negative
TCGA-E2-A1LS,46.23,,,"Infiltrating duct carcinoma, NOS",Alive,,1604.0,72,11.4307,1,1.9841,0,0.2346,0,4.7618,0,15.8943,0,39.1956,0,23.913,0,6.4052,0,2.1742,0,48.8314,0,0.9056,0,68.3263,0,confirmed_tnbc,negative,negative,negative
TCGA-E2-A573,48.43,,,"Infiltrating duct carcinoma, NOS",Alive,,1062.0,53,94.8726,1,10.2013,0,4.3877,0,42.5154,0,5.7052,0,19.892,0,9.059,0,0.4084,0,0.1969,0,8.8522,0,7.2776,0,30.2032,0,confirmed_tnbc,negative,negative,negative
TCGA-E9-A243,52.95,,,"Infiltrating duct carcinoma, NOS",Alive,,,76,31.0197,1,2.5189,0,4.6606,0,19.3787,0,8.2887,0,37.0631,0,26.5245,0,2.1322,0,0.3077,0,7.5873,0,12.0739,0,34.8993,0,confirmed_tnbc,negative,negative,negative
TCGA-E9-A5FL,65.85,,,"Metaplastic carcinoma, NOS",Alive,,24.0,96,52.4146,1,1.667,0,1.6889,0,27.7342,0,4.6554,0,17.9543,0,15.1742,0,4.5339,0,0.0163,0,10.912,0,1.1664,0,31.4639,0,confirmed_tnbc,negative,negative,negative
TCGA-EW-A1OV,56.85,,,"Infiltrating duct carcinoma, NOS",Alive,,789.0,106,41.9297,0,5.7467,0,2.2111,0,75.0,0,5.266,1,19.7754,1,20.4086,0,0.6262,0,0.0789,0,3.5755,0,8.2526,0,10.0295,0,confirmed_tnbc,negative,negative,negative
TCGA-EW-A1P1,71.01,,,"Infiltrating duct carcinoma, NOS",Alive,,,2,57.8138,1,4.7016,0,2.1139,0,83.5537,0,10.0912,0,39.6451,0,39.0012,0,11.0874,0,9.6927,0,35.1474,0,6.1253,0,158.1497,0,confirmed_tnbc,negative,negative,negative
TCGA-EW-A1P4,43.78,,,"Medullary carcinoma, NOS",Alive,,907.0,69,138.0371,1,2.3876,0,10.8579,0,52.015,0,9.4434,0,28.5828,0,11.1564,0,0.7091,0,0.1351,0,69.4659,0,9.8823,0,122.5888,0,confirmed_tnbc,negative,negative,negative
TCGA-EW-A1P7,59.55,,,"Infiltrating duct carcinoma, NOS",Alive,,915.0,14,49.747,0,3.9529,0,1.5045,0,153.3631,0,9.0174,0,29.4205,0,20.7666,0,6.9557,0,4.9633,0,21.3112,0,9.6916,0,49.1039,0,confirmed_tnbc,negative,negative,negative
TCGA-EW-A1P8,58.87,,,"Infiltrating duct carcinoma, NOS",Dead,239,239.0,36,156.5871,1,11.163,0,5.3365,0,61.7452,0,8.0745,0,7.2355,0,21.6019,0,3.9547,0,0.8406,0,21.1256,0,2.5003,0,170.0785,0,confirmed_tnbc,negative,negative,negative
TCGA-EW-A1PB,70.55,,,"Infiltrating duct carcinoma, NOS",Alive,,608.0,153,74.6596,1,1.2153,0,3.5847,0,54.9921,0,6.1888,0,7.6756,0,30.4947,0,1.035,0,0.0186,0,38.3139,0,77.8065,0,116.9151,0,confirmed_tnbc,negative,negative,negative
TCGA-EW-A1PH,52.22,,,"Infiltrating duct carcinoma, NOS",Alive,,607.0,46,23.0586,1,9.3356,0,4.9703,0,106.4,0,11.5001,0,27.9496,0,28.9961,0,0.2672,0,0.3225,0,38.5454,0,5.2322,0,89.9621,0,confirmed_tnbc,negative,negative,negative
TCGA-EW-A6SB,62.54,,,"Infiltrating duct carcinoma, NOS",Alive,,760.0,59,53.3698,1,2.2035,0,1.8952,0,21.7536,0,1.1265,0,17.0384,0,12.8077,0,0.4333,0,0.0874,0,2.9387,0,2.7449,0,49.6016,0,confirmed_tnbc,negative,negative,negative
TCGA-GM-A2DB,62.65,,,"Infiltrating duct carcinoma, NOS",Alive,,2406.0,134,8.2835,1,2.3252,0,0.9233,0,33.2475,0,3.9786,0,13.6058,1,10.9096,0,0.579,0,0.1091,0,18.8271,0,1.512,0,14.3217,0,confirmed_tnbc,negative,negative,negative
TCGA-GM-A2DD,,,,"Infiltrating duct carcinoma, NOS",Alive,,,56,48.4732,1,2.1302,0,1.2061,0,78.9268,0,3.6359,1,21.7693,0,17.4164,0,0.7639,0,0.2414,0,47.5661,0,4.8892,0,33.4472,0,confirmed_tnbc,negative,negative,negative
