patient_id,age_at_diagnosis_years,tumor_stage,tumor_grade,primary_diagnosis,vital_status,days_to_death,days_to_last_follow_up,total_mutation_count,TP53_tpm,TP53_mutated,BRCA1_tpm,BRCA1_mutated,BRCA2_tpm,BRCA2_mutated,ERBB2_tpm,ERBB2_mutated,PIK3CA_tpm,PIK3CA_mutated,PTEN_tpm,PTEN_mutated,RB1_tpm,RB1_mutated,ESR1_tpm,ESR1_mutated,PGR_tpm,PGR_mutated,EGFR_tpm,EGFR_mutated,CD274_tpm,CD274_mutated,MYC_tpm,MYC_mutated
TCGA-3C-AAAU,60.28,,,"Lobular carcinoma, NOS",Alive,,,26,48.5833,0,18.5697,0,3.4581,0,138.6207,0,8.148,0,36.1679,0,16.4276,0,52.6338,0,30.7665,0,2.3924,0,1.9566,0,78.9768,0
TCGA-3C-AALI,50.75,,,"Infiltrating duct carcinoma, NOS",Alive,,4005.0,559,13.9928,1,7.7046,0,3.1443,0,3236.7792,0,5.0012,0,19.26,0,21.4683,0,1.046,0,0.334,0,3.2094,0,5.5524,0,5.4516,0
TCGA-3C-AALJ,62.55,,,"Infiltrating duct carcinoma, NOS",Alive,,1474.0,32,37.647,0,3.7328,0,3.1564,0,162.6673,0,3.2608,0,24.8186,0,20.7573,0,88.2145,0,5.3124,0,2.4771,0,1.7519,0,35.6558,0
TCGA-3C-AALK,52.22,,,"Infiltrating duct carcinoma, NOS",Alive,,1448.0,52,41.2468,0,2.8124,0,1.8815,0,550.8894,0,4.2951,1,31.5084,0,26.6227,0,30.2662,0,24.9864,0,11.0962,0,2.3772,0,40.9461,0
TCGA-4H-AAAK,50.3,,,"Lobular carcinoma, NOS",Alive,,348.0,21,52.7249,0,8.5067,0,2.9382,0,237.3369,1,6.8426,0,36.62,0,32.1695,0,84.1604,0,60.8592,0,7.8284,0,2.7268,0,150.5384,0
TCGA-5L-AAT0,42.25,,,"Adenocarcinoma, NOS",Alive,,,173,46.5115,0,3.9313,0,1.8522,0,156.7722,0,5.4006,1,29.7374,0,27.6591,0,86.9088,0,9.008,0,7.2556,0,2.689,0,50.4947,0
TCGA-5L-AAT1,63.59,,,"Lobular carcinoma, NOS",Alive,,1471.0,1290,59.3522,0,2.6636,0,0.946,0,219.1502,0,5.8419,1,25.8798,0,24.8228,0,56.6592,1,0.4601,1,4.4451,0,8.6052,0,36.9299,0
TCGA-5T-A9QA,52.1,,,Infiltrating duct mixed with other types of carcinoma,Alive,,303.0,46,82.4972,0,10.6801,0,3.2192,0,216.2315,0,3.9867,0,43.8977,0,24.6272,0,51.8289,0,1.4831,0,0.9769,0,1.1041,0,57.8396,0
TCGA-A1-A0SB,70.73,,,Adenoid cystic carcinoma,Alive,,259.0,15,159.466,0,8.4442,0,7.538,0,134.9152,0,8.6421,0,52.8712,0,49.1383,0,13.4726,0,0.1303,0,138.7157,0,0.5931,0,286.1859,0
TCGA-A1-A0SD,59.67,,,"Infiltrating duct carcinoma, NOS",Alive,,437.0,32,45.2188,0,6.1703,0,1.9299,0,245.2534,0,11.2612,0,41.2614,1,41.4884,0,146.4416,0,9.7251,0,15.5324,0,4.2808,0,83.945,0
TCGA-A1-A0SE,56.72,,,Infiltrating duct and lobular carcinoma,Alive,,1321.0,30,50.2405,0,10.368,0,2.6204,0,178.1627,0,9.0874,0,40.9967,0,39.0387,0,67.2242,0,96.5261,0,21.5161,0,2.1952,0,78.2356,0
TCGA-A1-A0SF,54.02,,,"Infiltrating duct carcinoma, NOS",Alive,,1463.0,53,51.4415,0,5.0634,0,1.8904,0,125.6448,0,6.69,0,40.8715,0,30.5237,0,99.1798,0,79.4657,0,10.647,0,2.6002,0,54.3457,0
TCGA-A1-A0SG,61.27,,,Invasive micropapillary carcinoma,Alive,,434.0,29,53.8095,0,6.914,0,1.9209,0,197.6731,0,6.0633,0,32.5827,0,42.0671,0,239.981,0,196.5419,0,5.975,0,2.2329,0,15.3266,0
TCGA-A1-A0SH,39.96,,,"Infiltrating duct carcinoma, NOS",Alive,,1437.0,109,38.6794,0,4.1363,1,1.7924,0,305.0583,0,11.9182,0,51.1597,0,35.9633,0,17.5453,0,55.1292,0,15.4427,0,1.6818,0,21.3698,0
TCGA-A1-A0SI,52.7,,,"Infiltrating duct carcinoma, NOS",Alive,,635.0,221,60.1437,1,9.0238,1,3.7247,0,88.5103,0,10.2436,1,56.3178,0,20.8145,1,63.4042,0,4.467,0,9.1811,0,6.6216,0,15.857,0
TCGA-A1-A0SJ,39.38,,,"Infiltrating duct carcinoma, NOS",Alive,,416.0,31,33.6849,0,6.0721,0,4.1934,0,157.4375,0,11.1414,0,37.8061,0,54.068,0,63.034,0,45.86,0,14.8168,0,1.342,0,49.4444,0
TCGA-A1-A0SK,54.89,,,Large cell neuroendocrine carcinoma,Dead,967,967.0,70,243.3907,1,27.3871,1,18.3924,0,6.7185,0,6.9364,0,28.5547,0,3.6346,0,0.1778,0,0.1246,0,15.1706,0,0.825,0,202.8019,0
TCGA-A1-A0SM,77.2,,,"Infiltrating duct carcinoma, NOS",Alive,,242.0,25,35.1115,0,3.4069,0,2.1673,0,3100.979,0,7.0006,0,54.2918,0,51.9751,0,75.1949,0,1.0808,0,8.5439,0,2.6216,0,14.5518,0
TCGA-A1-A0SN,50.38,,,"Infiltrating duct carcinoma, NOS",Alive,,1196.0,64,70.769,0,10.3467,0,3.3273,0,3043.3022,0,8.1856,0,37.8512,0,44.2143,0,199.562,0,19.7109,0,6.4723,0,4.2242,0,43.7318,0
TCGA-A1-A0SO,67.97,,,"Infiltrating duct carcinoma, NOS",Alive,,852.0,309,148.2631,1,30.0903,1,18.2352,0,187.6777,0,16.0537,0,23.9021,0,6.5123,0,0.239,0,0.162,0,22.6876,0,0.7985,0,128.1626,0
TCGA-A1-A0SP,,,,Not Reported,Alive,,,52,12.453,1,13.7064,0,4.7627,0,51.0204,0,6.8524,0,8.4354,0,11.0229,0,1.8308,0,0.385,0,32.931,0,3.0006,0,151.4028,0
TCGA-A1-A0SQ,45.06,,,"Infiltrating duct carcinoma, NOS",Alive,,554.0,29,16.8973,0,10.142,0,1.4837,0,98.2741,0,8.5048,0,45.5436,0,33.5915,0,171.3563,0,97.6692,0,3.6036,0,1.2126,0,32.8039,0
TCGA-A2-A04N,66.13,,,"Infiltrating duct carcinoma, NOS",Alive,,4354.0,47,80.9765,0,5.1103,0,1.8164,0,103.7304,0,6.9585,1,35.492,0,37.2818,0,197.6294,0,205.3364,0,4.4106,0,2.4807,0,50.4754,0
TCGA-A2-A04P,36.52,,,"Infiltrating duct carcinoma, NOS",Dead,548,,142,8.0326,1,0.2726,0,2.2501,1,18.4188,0,222.1288,1,16.8074,0,5.8061,0,6.0375,0,0.1169,0,11.1194,0,2.3755,0,13.6503,0
TCGA-A2-A04Q,48.35,,,"Infiltrating duct carcinoma, NOS",Alive,,2385.0,47,18.4262,0,4.4651,0,1.4874,0,35.8567,0,3.5601,0,11.6175,0,18.0778,0,1.1941,0,1.0048,0,17.1173,0,15.6985,0,53.7344,0
TCGA-A2-A04R,36.91,,,"Infiltrating duct carcinoma, NOS",Alive,,3709.0,91,30.0503,0,13.6388,0,1.3481,0,124.9159,0,7.7318,0,42.2962,0,27.3148,0,133.0667,0,58.6095,0,3.9749,0,1.7106,0,123.1779,0
TCGA-A2-A04T,62.17,,,"Infiltrating duct carcinoma, NOS",Alive,,2246.0,108,116.6966,1,0.5837,0,12.6287,0,74.48,0,9.1708,1,17.209,0,7.2721,0,0.3771,0,0.1709,0,10.5647,1,5.8383,0,82.6283,0
TCGA-A2-A04U,47.84,,,"Infiltrating duct carcinoma, NOS",Alive,,2654.0,56,8.3396,1,23.0455,0,1.6518,0,28.2135,0,1.8433,0,33.3699,0,4.7228,0,0.0779,0,0.0779,0,2.3914,0,0.6691,0,84.2592,0
TCGA-A2-A04V,39.01,,,"Infiltrating duct carcinoma, NOS",Dead,1920,1920.0,31,41.9535,0,4.6751,0,1.6519,0,121.6156,0,4.0339,1,27.7545,0,26.0461,0,131.2651,0,1.2235,0,2.3337,0,1.52,0,43.8737,0
TCGA-A2-A04W,50.23,,,Apocrine adenocarcinoma,Alive,,3102.0,149,33.3301,1,1.5638,0,2.1917,0,1133.2294,0,3.2574,1,20.652,0,18.7639,0,1.4406,0,0.2754,0,7.1332,0,1.0802,0,19.3751,0
TCGA-A2-A04X,34.61,,,"Infiltrating duct carcinoma, NOS",Alive,,1686.0,35,41.2403,0,4.3925,0,2.5732,0,877.1314,0,4.4572,0,37.9749,0,18.6952,0,13.1925,0,10.7999,0,0.8607,0,6.5495,0,17.4803,0
TCGA-A2-A04Y,53.48,,,"Infiltrating duct carcinoma, NOS",Alive,,1099.0,40,31.1471,0,4.9325,0,2.3127,0,73.2467,0,3.3949,0,17.5854,0,28.0647,0,54.7429,0,5.819,0,2.5526,0,1.761,0,25.6834,0
TCGA-A2-A0CL,37.11,,,"Infiltrating duct carcinoma, NOS",Alive,,3015.0,147,74.546,1,15.0551,0,4.9448,0,58.3324,0,10.954,0,31.5484,0,50.7651,0,14.8432,0,2.4819,0,12.377,0,15.2834,0,65.4828,0
TCGA-A2-A0CM,40.98,,,"Infiltrating duct carcinoma, NOS",Dead,754,754.0,57,117.1707,1,9.8941,0,6.0055,0,42.1815,0,11.1642,0,50.4941,0,16.9938,0,2.2302,0,0.1958,0,12.0192,0,22.9971,0,293.1128,0
TCGA-A2-A0CP,60.6,,,"Infiltrating duct carcinoma, NOS",Alive,,2813.0,34,69.3618,0,1.52,0,0.6725,0,85.5183,0,3.9869,1,35.1707,0,22.4496,0,48.3719,0,92.057,0,10.7621,0,1.989,0,43.2205,0
TCGA-A2-A0CQ,62.45,,,"Infiltrating duct carcinoma, NOS",Alive,,2695.0,37,59.8533,0,4.2393,0,1.449,0,85.8496,0,2.5308,0,30.0139,0,24.1758,0,157.4015,0,34.9865,0,0.8166,0,1.7929,0,12.1009,0
TCGA-A2-A0CR,54.96,,,"Lobular carcinoma, NOS",Alive,,3283.0,127,45.8219,0,1.7228,0,0.8553,0,52.0948,0,1.8776,1,20.4389,0,11.9626,0,22.1052,0,18.0971,0,4.961,0,2.8442,0,36.7926,0
TCGA-A2-A0CS,73.42,,,"Infiltrating duct carcinoma, NOS",Dead,2348,2348.0,41,88.8437,0,6.3621,0,1.4071,0,143.0407,0,4.4047,1,17.2866,1,30.5539,0,233.0839,0,40.565,0,1.6932,0,2.1251,0,10.9073,0
TCGA-A2-A0CT,71.07,,,"Infiltrating duct carcinoma, NOS",Alive,,2289.0,102,28.3913,0,15.5461,0,3.0298,0,257.8515,0,8.812,0,29.1906,0,38.9191,0,193.4235,0,0.4626,0,3.7549,0,2.0684,0,162.7011,0
TCGA-A2-A0CU,73.44,,,"Infiltrating duct carcinoma, NOS",Dead,158,158.0,41,26.2922,0,13.0553,0,1.5994,0,209.1419,0,6.6687,0,23.6882,0,37.7303,0,364.9652,0,3.6088,0,4.9042,0,2.8266,0,38.4827,0
TCGA-A2-A0CV,41.86,,,"Infiltrating duct carcinoma, NOS",Alive,,3011.0,22,50.5818,0,1.9269,0,1.0304,0,91.8359,0,7.0068,0,42.5171,0,24.4908,0,127.9065,0,39.7053,0,13.3365,0,3.5206,0,68.4618,0
TCGA-A2-A0CW,67.19,,,"Infiltrating duct carcinoma, NOS",Alive,,3283.0,59,10.198,1,10.749,0,9.2256,0,160.4665,0,7.0081,1,29.3472,0,21.6332,0,282.9346,0,37.3151,0,3.9516,0,4.831,0,25.4759,0
TCGA-A2-A0CX,52.44,,,"Infiltrating duct carcinoma, NOS",Alive,,1728.0,290,47.2308,0,5.3282,0,3.6082,0,1465.7897,0,5.1286,0,27.4742,0,25.3404,0,2.9912,0,0.5419,0,3.7273,0,4.4541,0,87.4952,0
TCGA-A2-A0D0,60.55,,,"Infiltrating duct carcinoma, NOS",Alive,,2048.0,86,10.1837,1,8.9451,0,4.6649,0,38.3901,0,6.5876,0,27.0307,0,19.3025,0,0.2008,0,0.0305,0,14.5729,0,2.8235,0,110.649,0
TCGA-A2-A0D1,76.89,,,"Infiltrating duct carcinoma, NOS",Alive,,1051.0,58,14.9551,1,4.2741,0,1.643,0,1122.8745,0,1.9313,1,33.2144,0,13.2704,0,0.6555,0,0.1394,0,1008.1398,0,1.1027,0,3.4788,0
TCGA-A2-A0D2,45.51,,,"Infiltrating duct carcinoma, NOS",Alive,,1027.0,92,22.7333,1,1.8627,0,2.7533,0,61.5892,0,7.2961,0,9.764,0,17.2001,0,0.8011,0,0.7704,0,9.0028,0,2.5034,0,93.3213,0
TCGA-A2-A0D3,42.5,,,"Infiltrating duct carcinoma, NOS",Alive,,1873.0,28,129.4958,0,4.5863,0,1.8564,0,210.0692,0,6.9211,1,41.0403,0,43.2867,0,167.4161,0,162.1335,0,2.231,0,4.0905,0,61.5787,0
TCGA-A2-A0D4,37.8,,,"Infiltrating duct carcinoma, NOS",Alive,,767.0,37,34.7635,0,17.6567,0,2.8599,0,163.0766,0,5.439,0,17.6011,0,5.4909,0,120.9346,0,2.7944,0,2.2888,0,1.2834,0,46.7398,0
TCGA-A2-A0EM,73.5,,,"Infiltrating duct carcinoma, NOS",Alive,,3094.0,28,70.2203,0,6.0588,0,1.7187,0,132.0,0,5.6512,1,50.3556,0,49.1,0,233.9413,0,247.4511,0,4.6938,0,3.4934,0,32.6977,0
TCGA-A2-A0EN,70.56,,,"Lobular carcinoma, NOS",Alive,,4088.0,34,40.128,0,3.0774,0,1.9333,0,92.4114,0,7.8366,0,29.3357,0,32.9145,0,85.9962,0,0.7359,0,8.8177,0,6.482,0,23.3622,0
TCGA-A2-A0EO,54.43,,,"Infiltrating duct carcinoma, NOS",Alive,,2442.0,31,52.9727,0,3.5294,0,0.96,0,183.8788,0,6.9524,1,42.7794,0,37.4083,0,85.8002,0,114.4209,0,16.9333,0,2.2152,0,85.1131,0
TCGA-A2-A0EP,56.36,,,"Lobular carcinoma, NOS",Alive,,3603.0,8,38.8907,0,3.5966,0,2.1863,0,35.5273,0,4.9027,0,28.1454,0,26.7148,0,29.5698,0,0.6542,0,8.648,0,10.8028,0,70.7769,0
TCGA-A2-A0EQ,64.46,,,"Infiltrating duct carcinoma, NOS",Alive,,2426.0,235,69.8176,1,5.8154,0,3.4632,0,78.1859,0,3.5982,1,26.6567,0,26.2046,0,5.7854,0,0.115,0,255.6338,0,8.4502,0,21.8916,0
TCGA-A2-A0ER,63.03,,,"Infiltrating duct carcinoma, NOS",Alive,,2263.0,25,29.4854,0,12.7116,0,5.0072,0,130.2455,0,11.8098,0,39.3918,0,56.3139,0,393.1995,0,14.8471,0,3.3087,0,1.155,0,26.6881,0
TCGA-A2-A0ES,52.46,,,"Lobular carcinoma, NOS",Alive,,2190.0,13,44.1935,0,4.7793,0,2.443,0,151.7257,0,13.4694,0,64.6564,0,54.5113,0,104.8971,0,109.4654,0,54.1264,0,3.3802,0,135.3711,0
TCGA-A2-A0ET,58.77,,,"Infiltrating duct carcinoma, NOS",Alive,,1066.0,49,91.2777,0,15.4071,0,4.2754,0,175.5848,0,9.7127,0,44.0057,0,82.7508,0,317.4692,0,36.1702,0,0.7662,0,2.8622,0,94.2451,0
TCGA-A2-A0EU,79.79,,,"Infiltrating duct carcinoma, NOS",Alive,,1043.0,47,85.7476,0,13.8355,0,3.7852,0,117.0857,0,11.0449,0,45.9206,0,38.1584,0,297.5869,0,217.5594,0,5.3804,0,5.3145,0,101.6385,0
TCGA-A2-A0EV,80.18,,,"Infiltrating duct carcinoma, NOS",Alive,,968.0,63,41.2865,0,18.2573,0,2.6702,0,226.5908,0,8.2652,1,37.6247,0,36.5071,0,186.5277,0,119.8026,0,4.3851,0,4.3303,0,11.8664,0
TCGA-A2-A0EW,56.85,,,"Lobular carcinoma, NOS",Dead,1884,,16,45.9471,0,5.491,0,2.8042,0,141.1141,0,13.1647,1,68.7114,0,57.8159,0,135.0679,0,31.9218,0,32.4528,0,5.1249,0,122.6209,0
TCGA-A2-A0EX,46.15,,,"Lobular carcinoma, NOS",Alive,,752.0,26,48.0174,0,3.69,0,1.135,0,230.8198,0,6.1783,1,42.8772,0,37.3041,0,56.456,0,61.3706,0,7.833,0,1.4607,0,129.2264,0
TCGA-A2-A0EY,62.62,,,"Infiltrating duct carcinoma, NOS",Alive,,1925.0,225,62.4647,1,8.0781,0,7.1937,0,1680.5636,0,6.08,1,21.7294,0,66.4151,0,87.8834,0,0.4756,0,2.0889,0,2.566,0,17.674,0
TCGA-A2-A0ST,62.76,,,"Infiltrating duct carcinoma, NOS",Alive,,3017.0,18,72.7414,0,4.8758,0,3.5764,0,52.7256,0,6.3203,0,36.2418,0,16.732,0,12.1726,0,1.4611,0,16.0894,0,16.8268,0,107.3893,0
TCGA-A2-A0SU,66.31,,,"Infiltrating duct carcinoma, NOS",Alive,,1662.0,31,48.856,0,6.6583,0,0.9093,1,173.7536,0,7.7323,0,37.6176,0,32.0245,0,537.8131,0,17.7832,0,7.336,0,1.4265,0,73.0569,0
TCGA-A2-A0SV,63.32,,,"Infiltrating duct carcinoma, NOS",Dead,825,825.0,39,67.7731,1,15.9553,0,2.658,0,110.2184,0,6.3478,0,20.5524,1,19.6579,0,28.9601,0,9.121,0,2.9735,0,3.6007,0,131.5445,0
TCGA-A2-A0SW,82.37,,,"Infiltrating duct carcinoma, NOS",Dead,1365,1365.0,58,26.6196,1,2.7674,0,1.6151,0,12.6768,0,2.5561,0,21.455,0,11.9882,0,73.9797,0,7.5463,0,1.4563,0,3.0367,0,6.7158,0
TCGA-A2-A0SX,48.66,,,"Infiltrating duct carcinoma, NOS",Alive,,1534.0,30,137.9108,1,9.5194,0,8.6674,0,69.7373,0,14.3594,0,49.6028,0,19.7853,0,4.4623,0,0.6498,0,24.1077,0,8.7503,0,99.3467,0
TCGA-A2-A0SY,62.77,,,"Lobular carcinoma, NOS",Alive,,1347.0,139,45.7692,0,3.6011,0,1.7047,0,420.0192,0,6.212,1,43.3581,0,45.5054,0,146.6506,0,50.918,0,8.793,0,3.4862,0,70.5561,0
TCGA-A2-A0T0,59.07,,,"Infiltrating duct carcinoma, NOS",Alive,,533.0,187,85.6124,0,9.0823,0,1.2714,1,54.4828,0,6.6775,0,12.4151,0,31.4706,0,1.1251,0,0.2308,0,12.9275,0,2.5909,0,306.833,0
TCGA-A2-A0T1,55.38,,,"Infiltrating duct carcinoma, NOS",Alive,,521.0,27,50.9498,1,5.8769,0,2.0863,0,1699.1491,0,3.8761,0,17.8677,0,15.0096,0,0.516,0,0.2172,0,2.9797,0,6.5129,0,13.8191,0
TCGA-A2-A0T2,66.35,,,"Infiltrating duct carcinoma, NOS",Dead,255,255.0,30,44.7952,1,1.8229,0,0.9005,0,40.535,0,4.512,0,5.7862,0,11.107,0,0.4292,0,0.1279,0,15.2392,0,1.2982,0,18.293,0
TCGA-A2-A0T3,37.45,,,"Infiltrating duct carcinoma, NOS",Alive,,1516.0,41,16.9478,1,19.8175,0,8.0776,0,127.1311,0,9.0447,0,40.1621,0,44.6598,0,201.7249,0,134.4197,0,20.5717,0,1.8491,0,133.8155,0
TCGA-A2-A0T4,62.56,,,"Lobular carcinoma, NOS",Alive,,624.0,35,43.0155,0,10.1863,0,1.9024,0,140.8602,0,8.6351,1,45.5643,0,30.9702,0,257.0612,0,69.8533,0,9.3917,0,3.4913,0,94.0288,0
TCGA-A2-A0T5,39.71,,,"Infiltrating duct carcinoma, NOS",Alive,,531.0,16,110.8386,0,8.154,0,2.4447,0,164.5431,0,5.8437,0,38.2081,0,38.9959,0,88.8929,0,95.4889,0,16.8245,0,2.0187,0,110.8958,0
TCGA-A2-A0T6,50.2,,,"Lobular carcinoma, NOS",Alive,,575.0,21,56.9635,0,4.707,0,1.9329,0,252.815,1,12.5508,0,61.4158,0,66.7053,0,46.9941,0,56.6724,0,11.0241,0,6.2049,0,86.7428,0
TCGA-A2-A0T7,51.35,,,"Infiltrating duct carcinoma, NOS",Alive,,631.0,23,80.9308,0,10.9592,0,2.6283,0,155.6912,0,10.815,1,60.2132,0,53.5306,0,44.235,0,9.0202,0,25.2544,0,3.7624,0,70.1431,0
TCGA-A2-A0YC,61.44,,,"Infiltrating duct carcinoma, NOS",Alive,,,23,35.206,0,13.2738,0,3.6009,0,271.8819,0,8.8782,1,95.2352,0,48.3249,0,272.136,0,228.8409,0,3.2702,0,3.7019,0,36.6202,0
TCGA-A2-A0YD,63.03,,,"Lobular carcinoma, NOS",Alive,,769.0,64,76.5962,0,5.8471,0,2.8086,0,133.0108,0,12.9149,0,49.5501,0,63.4281,0,233.3351,0,109.3633,0,14.4204,0,11.4123,0,65.5227,0
TCGA-A2-A0YE,48.53,,,"Infiltrating duct carcinoma, NOS",Alive,,554.0,35,7.8408,1,12.4126,0,7.0596,0,111.8765,0,8.7347,0,4.862,0,8.7629,1,0.2322,0,0.2935,0,135.3511,0,1.8107,0,22.049,0
TCGA-A2-A0YF,67.52,,,"Infiltrating duct carcinoma, NOS",Alive,,1535.0,30,73.2491,0,15.6357,0,5.1945,0,127.0178,0,9.7628,0,48.1733,0,67.7012,0,579.8867,0,20.5758,0,3.54,0,2.9161,0,63.8561,0
TCGA-A2-A0YG,63.13,,,"Infiltrating duct carcinoma, NOS",Alive,,666.0,59,17.9712,1,16.7195,0,8.3148,0,2606.4779,0,12.4358,0,30.6253,0,66.4872,0,169.8854,0,0.855,0,3.7276,0,1.7839,0,24.8073,0
TCGA-A2-A0YH,53.65,,,"Infiltrating duct carcinoma, NOS",Alive,,659.0,83,60.1162,1,9.1465,0,4.0656,0,119.3103,0,7.5201,1,40.685,0,55.2312,0,149.1981,0,5.8637,0,2.1257,0,8.8358,0,76.2624,0
TCGA-A2-A0YI,62.86,,,Infiltrating duct and lobular carcinoma,Alive,,1505.0,16,52.1916,0,3.5506,0,1.8053,0,107.095,0,15.8144,1,35.2511,0,47.9717,0,286.8847,0,45.3917,0,10.2591,0,3.9398,0,37.7777,0
TCGA-A2-A0YJ,41.09,,,"Infiltrating duct carcinoma, NOS",Alive,,,78,28.1954,1,9.0477,0,8.154,0,940.6827,0,9.0178,0,25.8121,0,80.3462,0,0.327,0,0.1211,0,53.5126,0,2.5997,0,231.031,0
TCGA-A2-A0YK,61.94,,,"Lobular carcinoma, NOS",Alive,,588.0,375,56.492,0,4.1358,0,3.4793,0,80.1998,0,11.1515,1,53.4617,0,55.3086,0,183.1573,0,2.9287,0,33.9397,0,7.4645,0,72.1793,0
TCGA-A2-A0YL,48.47,,,"Lobular carcinoma, NOS",Alive,,1474.0,34,66.4955,0,7.1509,0,2.7928,0,92.8852,0,11.988,1,64.1995,0,47.0836,0,75.2462,0,131.5927,0,31.9146,0,7.0439,0,158.4173,0
TCGA-A2-A0YM,67.98,,,"Infiltrating duct carcinoma, NOS",Alive,,965.0,82,68.8145,1,7.7576,0,9.0464,0,88.0419,0,17.0808,0,34.0846,0,13.7865,0,0.7866,0,0.1965,0,27.7387,0,6.2654,0,273.6583,0
TCGA-A2-A0YT,56.08,,,"Infiltrating duct carcinoma, NOS",Dead,723,723.0,59,63.5408,1,12.2906,0,5.0735,0,117.7907,0,15.5201,1,36.6272,0,51.6386,0,231.6243,0,0.7896,0,3.9039,0,2.003,0,47.6279,0
TCGA-A2-A1FV,74.71,,,"Lobular carcinoma, NOS",Alive,,714.0,40,22.7637,0,10.2145,0,1.2462,0,85.7256,0,12.9922,0,38.9176,0,27.354,0,187.084,0,2.0436,0,8.5623,0,0.9382,0,157.7388,0
TCGA-A2-A1FW,62.37,,,"Infiltrating duct carcinoma, NOS",Alive,,528.0,74,78.9235,0,7.3992,0,23.4616,0,60.8349,0,20.5774,0,51.9269,0,64.1058,0,507.6849,0,1.2085,0,7.9427,0,1.9597,0,85.5309,0
TCGA-A2-A1FX,61.17,,,"Infiltrating duct carcinoma, NOS",Alive,,1847.0,27,95.9933,0,25.2098,0,7.8531,0,122.8505,0,10.0789,0,38.6605,0,81.9043,0,247.8713,0,54.3616,0,5.3837,0,2.0431,0,77.5696,0
TCGA-A2-A1FZ,63.12,,,"Infiltrating duct carcinoma, NOS",Alive,,683.0,26,71.2415,0,8.875,0,3.6185,0,193.6928,0,12.3605,1,49.1345,0,65.1137,0,332.9077,0,108.5608,0,17.9819,0,2.3442,0,40.2739,0
TCGA-A2-A1G0,49.29,,,"Infiltrating duct carcinoma, NOS",Alive,,616.0,22,41.6947,0,9.4654,0,1.6933,0,365.4897,0,11.7748,1,43.2785,0,47.5589,0,64.6733,0,87.649,0,17.9394,0,3.4423,0,112.5634,0
TCGA-A2-A1G1,85.48,,,"Infiltrating duct carcinoma, NOS",Alive,,584.0,32,17.8119,1,13.6246,0,17.1581,0,3076.7928,0,12.5618,0,42.5407,0,46.1808,0,2.0723,0,0.6916,0,36.582,0,13.2127,0,84.9672,0
TCGA-A2-A1G4,71.09,,,"Infiltrating duct carcinoma, NOS",Alive,,595.0,31,32.1241,0,21.0103,0,4.5969,0,66.6796,0,8.1693,0,67.9907,0,52.8421,0,667.7276,0,49.8453,0,2.8724,0,2.2374,0,52.5842,0
TCGA-A2-A1G6,50.69,,,"Infiltrating duct carcinoma, NOS",Alive,,501.0,7,68.458,0,4.5548,0,0.9053,0,109.1138,0,10.4532,0,74.7376,0,57.4077,0,91.0786,0,85.5622,0,68.4149,0,4.885,0,100.2542,0
TCGA-A2-A259,70.27,,,"Infiltrating duct carcinoma, NOS",Alive,,1596.0,24,145.7613,0,3.0632,0,2.6914,0,73.9104,0,13.6689,0,38.4258,0,39.0984,0,319.5788,0,104.6702,0,15.759,0,10.6624,0,171.8511,0
TCGA-A2-A25A,,,,"Lobular carcinoma in situ, NOS",Alive,,,282,60.7131,0,4.1273,0,2.5187,0,58.3282,0,11.8845,1,66.96,0,57.5636,0,48.1743,0,95.2917,0,36.4143,0,5.5198,0,96.7012,0
TCGA-A2-A25B,43.1,,,"Infiltrating duct carcinoma, NOS",Alive,,,105,62.0452,0,5.7083,1,11.0103,0,55.6985,0,23.0308,0,60.456,0,54.4695,0,50.2452,0,4.6847,0,48.3274,0,4.866,0,54.6221,0
TCGA-A2-A25C,50.67,,,"Infiltrating duct carcinoma, NOS",Alive,,523.0,30,112.5362,0,22.8365,0,4.8648,0,168.4596,0,11.1513,1,73.8602,0,105.47,0,61.9049,0,17.802,0,7.9814,0,4.7564,0,42.8783,0
TCGA-A2-A25D,90.0,,,"Lobular carcinoma, NOS",Alive,,0.0,57,26.9177,0,3.6002,0,1.6705,0,120.534,0,4.5871,1,19.2885,0,18.5463,0,22.7202,0,0.2093,0,3.6709,0,5.9324,0,187.2647,0
